frequency,V(/Sc1-) (phase),V(/Sc1-) (gain),V(/Sc2-) (phase),V(/Sc2-) (gain),Column1,,,,
0.1,-2.95506E-05,-0.000185672,-3.49228E-05,0.000730891,-0.001856767,,0.628318531,-5.15755E-07,-8.20871E-07
0.10292,-3.04135E-05,-0.000191094,-3.59425E-05,0.000730891,-0.001856728,,0.646665432,-5.30816E-07,-8.20854E-07
0.105925,-3.13015E-05,-0.000196673,-3.69921E-05,0.000730891,-0.001856922,,0.665546404,-5.46314E-07,-8.2094E-07
0.109018,-3.22156E-05,-0.000202417,-3.80723E-05,0.000730891,-0.001856342,,0.684980296,-5.62268E-07,-8.20683E-07
0.112202,-3.31563E-05,-0.000208327,-0.000039184,0.000730891,-0.001856954,,0.704985958,-5.78687E-07,-8.20954E-07
0.115478,-3.41245E-05,-0.000214411,-4.03282E-05,0.000730891,-0.001856633,,0.725569673,-5.95585E-07,-8.20812E-07
0.11885,-3.51209E-05,-0.000220671,-4.15058E-05,0.000730891,-0.001856536,,0.746756574,-6.12975E-07,-8.20769E-07
0.122321,-3.61465E-05,-0.000227115,-4.27178E-05,0.000730891,-0.001856636,,0.76856551,-6.30875E-07,-8.20813E-07
0.125893,-0.000037202,-0.000233747,-4.39652E-05,0.000730891,-0.001856753,,0.791009048,-6.49297E-07,-8.20865E-07
0.129569,-3.82883E-05,-0.000240572,-0.000045249,0.000730891,-0.001856886,,0.814106037,-6.68257E-07,-8.20924E-07
0.133352,-3.94063E-05,-0.000247597,-4.65703E-05,0.000730891,-0.001856718,,0.837875327,-6.8777E-07,-8.2085E-07
0.137246,-0.000040557,-0.000254827,-4.79301E-05,0.000730891,-0.001856581,,0.862342051,-7.07853E-07,-8.20789E-07
0.141254,-4.17413E-05,-0.000262268,-4.93297E-05,0.000730891,-0.001856922,,0.887525057,-7.28523E-07,-8.2094E-07
0.145378,-4.29601E-05,-0.000269926,-5.07702E-05,0.000730891,-0.001856396,,0.913436914,-7.49795E-07,-8.20707E-07
0.149624,-4.42146E-05,-0.000277809,-5.22527E-05,0.000730891,-0.001856768,,0.940115318,-7.7169E-07,-8.20872E-07
0.153993,-4.55057E-05,-0.000285921,-5.37785E-05,0.000730891,-0.001857005,,0.967566555,-7.94224E-07,-8.20977E-07
0.158489,-4.68345E-05,-0.00029427,-5.53489E-05,0.000730891,-0.001856717,,0.995815756,-8.17416E-07,-8.20849E-07
0.163117,-4.82021E-05,-0.000302863,-5.69651E-05,0.000730891,-0.001856725,,1.024894338,-8.41285E-07,-8.20853E-07
0.16788,-4.96096E-05,-0.000311706,-5.86285E-05,0.000730891,-0.001856378,,1.054821149,-8.65851E-07,-8.20699E-07
0.172783,-5.10582E-05,-0.000320808,-6.03405E-05,0.000730891,-0.001856933,,1.085627607,-8.91134E-07,-8.20945E-07
0.177828,-5.25492E-05,-0.000330176,-6.21024E-05,0.000730891,-0.001856522,,1.117326277,-9.17157E-07,-8.20763E-07
0.183021,-5.40836E-05,-0.000339817,-6.39159E-05,0.000730891,-0.001856855,,1.149954858,-9.43937E-07,-8.2091E-07
0.188365,-5.56629E-05,-0.00034974,-6.57823E-05,0.000730891,-0.001856853,,1.1835322,-9.71501E-07,-8.20909E-07
0.193865,-5.72883E-05,-0.000359953,-6.77031E-05,0.000730891,-0.001856653,,1.21808972,-9.99869E-07,-8.20821E-07
0.199526,-5.89611E-05,-0.000370464,-6.96801E-05,0.000730891,-0.001856489,,1.253658832,-1.02907E-06,-8.20748E-07
0.205353,-6.06828E-05,-0.000381281,-7.17148E-05,0.000730891,-0.001856872,,1.290270952,-1.05911E-06,-8.20918E-07
0.211349,-6.24548E-05,-0.000392415,-7.38089E-05,0.000730891,-0.001856854,,1.327944931,-1.09004E-06,-8.2091E-07
0.21752,-6.42785E-05,-0.000403874,-7.59642E-05,0.000730891,-0.001856665,,1.366718468,-1.12187E-06,-8.20826E-07
0.223872,-6.61555E-05,-0.000415667,-7.81824E-05,0.000730891,-0.001856697,,1.406629261,-1.15463E-06,-8.2084E-07
0.230409,-6.80872E-05,-0.000427804,-8.04653E-05,0.000730891,-0.001856752,,1.447702443,-1.18835E-06,-8.20865E-07
0.237137,-7.00754E-05,-0.000440297,-8.28149E-05,0.000730891,-0.001856647,,1.489975714,-1.22305E-06,-8.20818E-07
0.244062,-7.21217E-05,-0.000453154,-8.52332E-05,0.000730891,-0.001856656,,1.533486772,-1.25876E-06,-8.20822E-07
0.251189,-7.42277E-05,-0.000466386,-0.000087722,0.000730891,-0.001856855,,1.578267034,-1.29552E-06,-8.2091E-07
0.258523,-7.63951E-05,-0.000480005,-9.02836E-05,0.000730891,-0.001856494,,1.624347915,-1.33335E-06,-8.20751E-07
0.266073,-7.86259E-05,-0.000494021,-9.29199E-05,0.000730891,-0.001856811,,1.671785964,-1.37228E-06,-8.20891E-07
0.273842,-8.09218E-05,-0.000508447,-9.56332E-05,0.000730891,-0.001856824,,1.720600031,-1.41235E-06,-8.20897E-07
0.281838,-8.32848E-05,-0.000523294,-9.84257E-05,0.000730891,-0.001856708,,1.770840381,-1.45359E-06,-8.20845E-07
0.290068,-8.57168E-05,-0.000538575,-0.0001013,0.000730891,-0.001856692,,1.822550996,-1.49604E-06,-8.20838E-07
0.298538,-8.82197E-05,-0.000554301,-0.000104258,0.000730891,-0.001856632,,1.875769575,-1.53972E-06,-8.20811E-07
0.307256,-9.07958E-05,-0.000570487,-0.000107302,0.000730891,-0.001856733,,1.930546385,-1.58469E-06,-8.20856E-07
0.316228,-9.34471E-05,-0.000587145,-0.000110436,0.000730891,-0.001856717,,1.986919123,-1.63096E-06,-8.20849E-07
0.325462,-9.61758E-05,-0.00060429,-0.00011366,0.000730891,-0.001856855,,2.044938056,-1.67858E-06,-8.2091E-07
0.334965,-9.89842E-05,-0.000621936,-0.000116979,0.000730891,-0.001856822,,2.104647166,-1.7276E-06,-8.20896E-07
0.344747,-0.000101875,-0.0006401,-0.000120395,0.000730891,-0.001856367,,2.166109285,-1.77805E-06,-8.20695E-07
0.354813,-0.000104849,-0.000658786,-0.000123911,0.000730891,-0.001856878,,2.229355828,-1.82996E-06,-8.2092E-07
0.365174,-0.000107911,-0.000678025,-0.000127529,0.000730891,-0.00185673,,2.294455911,-1.8834E-06,-8.20855E-07
0.375837,-0.000111062,-0.000697823,-0.000131253,0.000730891,-0.001856617,,2.361453516,-1.9384E-06,-8.20805E-07
0.386812,-0.000114305,-0.000718199,-0.000135085,0.000730891,-0.001856863,,2.430411475,-1.995E-06,-8.20914E-07
0.398107,-0.000117643,-0.000739173,-0.00013903,0.000730891,-0.00185658,,2.501380053,-2.05326E-06,-8.20789E-07
0.409732,-0.000121078,-0.000760756,-0.00014309,0.000730891,-0.001856861,,2.574422082,-2.11321E-06,-8.20913E-07
0.421697,-0.000124614,-0.000782973,-0.000147268,0.000730891,-0.00185643,,2.649600394,-2.17492E-06,-8.20722E-07
0.43401,-0.000128252,-0.000805831,-0.000151568,0.00073089,-0.001857094,,2.726965255,-2.23842E-06,-8.21016E-07
0.446684,-0.000131998,-0.000829368,-0.000155994,0.00073089,-0.001856582,,2.806598346,-2.3038E-06,-8.20789E-07
0.459727,-0.000135852,-0.000853583,-0.000160549,0.00073089,-0.001856779,,2.888549932,-2.37106E-06,-8.20876E-07
0.473151,-0.000139819,-0.000878509,-0.000165238,0.00073089,-0.001856716,,2.972895411,-2.4403E-06,-8.20849E-07
0.486968,-0.000143902,-0.000904163,-0.000170063,0.00073089,-0.001856807,,3.059710183,-2.51156E-06,-8.20889E-07
0.501187,-0.000148104,-0.000930565,-0.000175028,0.00073089,-0.001856405,,3.149050795,-2.5849E-06,-8.20711E-07
0.515822,-0.000152428,-0.000957733,-0.000180139,0.00073089,-0.001856756,,3.241005212,-2.66037E-06,-8.20866E-07
0.530884,-0.000156879,-0.0009857,-0.0001854,0.00073089,-0.001856626,,3.335642549,-2.73806E-06,-8.20809E-07
0.546387,-0.00016146,-0.001014483,-0.000190813,0.00073089,-0.001856915,,3.43305077,-2.81801E-06,-8.20937E-07
0.562341,-0.000166175,-0.001044108,-0.000196385,0.00073089,-0.001856526,,3.533292709,-2.9003E-06,-8.20765E-07
0.578762,-0.000171027,-0.001074594,-0.00020212,0.00073089,-0.0018567,,3.636468895,-2.98498E-06,-8.20842E-07
0.595662,-0.000176021,-0.001105973,-0.000208022,0.00073089,-0.001856708,,3.742654726,-3.07215E-06,-8.20845E-07
0.613056,-0.000181161,-0.001138268,-0.000214096,0.00073089,-0.001856771,,3.851944452,-3.16186E-06,-8.20873E-07
0.630957,-0.000186451,-0.001171506,-0.000220348,0.00073089,-0.001856822,,3.964419752,-3.25418E-06,-8.20896E-07
0.649382,-0.000191896,-0.001205718,-0.000226782,0.00073089,-0.001856591,,4.080187441,-3.34922E-06,-8.20794E-07
0.668344,-0.000197499,-0.001240923,-0.000233404,0.00073089,-0.001856688,,4.199329201,-3.44701E-06,-8.20836E-07
0.68786,-0.000203266,-0.001277158,-0.00024022,0.000730889,-0.001856865,,4.321951845,-3.54766E-06,-8.20915E-07
0.707946,-0.000209202,-0.001314455,-0.000247234,0.000730889,-0.00185681,,4.448155905,-3.65126E-06,-8.2089E-07
0.728618,-0.000215311,-0.001352839,-0.000254454,0.000730889,-0.001856664,,4.578041912,-3.75789E-06,-8.20826E-07
0.749894,-0.000221598,-0.001392341,-0.000261884,0.000730889,-0.001856722,,4.711722963,-3.86761E-06,-8.20851E-07
0.771792,-0.000228069,-0.001433,-0.000269531,0.000730889,-0.001856573,,4.849312155,-3.98055E-06,-8.20786E-07
0.794328,-0.000234728,-0.00147484,-0.000277401,0.000730889,-0.001856919,,4.990910019,-4.09678E-06,-8.20938E-07
0.817523,-0.000241583,-0.001517911,-0.000285502,0.000730889,-0.001856635,,5.136648502,-4.21642E-06,-8.20813E-07
0.841395,-0.000248637,-0.001562232,-0.000293838,0.000730889,-0.001856646,,5.286640702,-4.33953E-06,-8.20818E-07
0.865964,-0.000255897,-0.001607848,-0.000302419,0.000730888,-0.001856853,,5.441012281,-4.46625E-06,-8.20909E-07
0.891251,-0.00026337,-0.001654803,-0.000311249,0.000730888,-0.001856588,,5.599895188,-4.59667E-06,-8.20792E-07
0.917276,-0.00027106,-0.00170312,-0.000320338,0.000730888,-0.001856689,,5.763415086,-4.73089E-06,-8.20837E-07
0.944061,-0.000278975,-0.001752852,-0.000329692,0.000730888,-0.00185667,,5.931710204,-4.86903E-06,-8.20828E-07
0.971628,-0.000287121,-0.001804034,-0.000339319,0.000730888,-0.001856919,,6.104918774,-5.01121E-06,-8.20938E-07
1,-0.000295506,-0.001856719,-0.000349228,0.000730887,-0.001856552,,6.283185307,-5.15755E-06,-8.20776E-07
1.0292,-0.000304134,-0.00191093,-0.000359425,0.000730887,-0.001856937,,6.466654318,-5.30814E-06,-8.20947E-07
1.05925,-0.000313015,-0.001966731,-0.000369921,0.000730887,-0.001856922,,6.655464037,-5.46314E-06,-8.2094E-07
1.09018,-0.000322156,-0.002024166,-0.000380723,0.000730887,-0.001856342,,6.849802958,-5.62268E-06,-8.20683E-07
1.12202,-0.000331563,-0.002083272,-0.00039184,0.000730886,-0.001856762,,7.049859578,-5.78687E-06,-8.20869E-07
1.15478,-0.000341244,-0.002144099,-0.000403282,0.000730886,-0.001856819,,7.255696729,-5.95583E-06,-8.20894E-07
1.1885,-0.000351209,-0.002206711,-0.000415058,0.000730886,-0.001856355,,7.467565738,-6.12975E-06,-8.20689E-07
1.22321,-0.000361464,-0.002271145,-0.000427178,0.000730886,-0.001856636,,7.6856551,-6.30874E-06,-8.20813E-07
1.25893,-0.000372019,-0.002337464,-0.000439652,0.000730885,-0.001856924,,7.910090479,-6.49296E-06,-8.20941E-07
1.29569,-0.000382883,-0.002405725,-0.00045249,0.000730885,-0.001856886,,8.141060371,-6.68257E-06,-8.20924E-07
1.33352,-0.000394063,-0.002475971,-0.000465702,0.000730884,-0.001856718,,8.378753271,-6.8777E-06,-8.2085E-07
1.37246,-0.00040557,-0.002548271,-0.000479301,0.000730884,-0.001856581,,8.623420507,-7.07853E-06,-8.20789E-07
1.41254,-0.000417413,-0.002622683,-0.000493297,0.000730884,-0.001856922,,8.875250574,-7.28523E-06,-8.2094E-07
1.45378,-0.000429601,-0.002699263,-0.000507702,0.000730883,-0.001856396,,9.134369136,-7.49795E-06,-8.20707E-07
1.49624,-0.000442146,-0.002778085,-0.000522527,0.000730883,-0.001856768,,9.401153184,-7.7169E-06,-8.20872E-07
1.53993,-0.000455057,-0.002859207,-0.000537785,0.000730882,-0.001857005,,9.67566555,-7.94224E-06,-8.20977E-07
1.58489,-0.000468345,-0.002942698,-0.000553488,0.000730882,-0.001856717,,9.958157561,-8.17416E-06,-8.20849E-07
1.63117,-0.000482021,-0.003028627,-0.00056965,0.000730881,-0.001856725,,10.24894338,-8.41285E-06,-8.20853E-07
1.6788,-0.000496096,-0.003117063,-0.000586285,0.00073088,-0.001856378,,10.54821149,-8.65851E-06,-8.20699E-07
1.72783,-0.000510582,-0.003208081,-0.000603404,0.00073088,-0.001856809,,10.85627607,-8.91134E-06,-8.2089E-07
1.77828,-0.000525491,-0.003301757,-0.000621024,0.000730879,-0.001856643,,11.17326277,-9.17155E-06,-8.20816E-07
1.83021,-0.000540836,-0.003398173,-0.000639158,0.000730878,-0.001856855,,11.49954858,-9.43937E-06,-8.2091E-07
1.88365,-0.000556629,-0.003497403,-0.000657822,0.000730878,-0.001856738,,11.835322,-9.71501E-06,-8.20859E-07
1.93865,-0.000572882,-0.003599524,-0.000677031,0.000730877,-0.001856764,,12.1808972,-9.99868E-06,-8.2087E-07
1.99526,-0.000589611,-0.003704635,-0.0006968,0.000730876,-0.001856489,,12.53658832,-1.02907E-05,-8.20748E-07
2.05353,-0.000606828,-0.003812813,-0.000717147,0.000730875,-0.001856767,,12.90270952,-1.05911E-05,-8.20871E-07
2.11349,-0.000624547,-0.003924145,-0.000738088,0.000730874,-0.001856854,,13.27944931,-1.09004E-05,-8.2091E-07
2.1752,-0.000642784,-0.004038731,-0.000759641,0.000730873,-0.001856665,,13.66718468,-1.12187E-05,-8.20826E-07
2.23872,-0.000661554,-0.004156666,-0.000781823,0.000730872,-0.001856793,,14.06629261,-1.15463E-05,-8.20883E-07
2.30409,-0.000680872,-0.004278045,-0.000804652,0.000730871,-0.001856752,,14.47702443,-1.18835E-05,-8.20865E-07
2.37137,-0.000700754,-0.004402967,-0.000828148,0.00073087,-0.001856557,,14.89975714,-1.22305E-05,-8.20778E-07
2.44062,-0.000721216,-0.004531534,-0.000852331,0.000730869,-0.001856656,,15.33486772,-1.25876E-05,-8.20822E-07
2.51189,-0.000742276,-0.004663858,-0.000877219,0.000730867,-0.001856941,,15.78267034,-1.29552E-05,-8.20948E-07
2.58523,-0.000763951,-0.004800046,-0.000902834,0.000730866,-0.001856411,,16.24347915,-1.33335E-05,-8.20714E-07
2.66073,-0.000786258,-0.004940205,-0.000929197,0.000730864,-0.001856811,,16.71785964,-1.37228E-05,-8.20891E-07
2.73842,-0.000809217,-0.00508446,-0.00095633,0.000730863,-0.001856824,,17.20600031,-1.41235E-05,-8.20897E-07
2.81838,-0.000832847,-0.005232932,-0.000984256,0.000730861,-0.001856632,,17.70840381,-1.45359E-05,-8.20811E-07
2.90068,-0.000857166,-0.005385733,-0.001013,0.000730859,-0.001856767,,18.22550996,-1.49604E-05,-8.20871E-07
2.98538,-0.000882196,-0.005543001,-0.00104258,0.000730857,-0.001856632,,18.75769575,-1.53972E-05,-8.20811E-07
3.07256,-0.000907957,-0.005704862,-0.00107302,0.000730855,-0.001856663,,19.30546385,-1.58468E-05,-8.20825E-07
3.16228,-0.000934469,-0.005871442,-0.00110435,0.000730853,-0.001856717,,19.86919123,-1.63096E-05,-8.20849E-07
3.25462,-0.000961756,-0.006042891,-0.0011366,0.000730851,-0.001856855,,20.44938056,-1.67858E-05,-8.2091E-07
3.34965,-0.00098984,-0.006219348,-0.00116979,0.000730849,-0.001856308,,21.04647166,-1.7276E-05,-8.20668E-07
3.44747,-0.00101874,-0.006400932,-0.00120395,0.000730846,-0.001856991,,21.66109285,-1.77804E-05,-8.2097E-07
3.54813,-0.00104849,-0.006587857,-0.0012391,0.000730843,-0.001856878,,22.29355828,-1.82996E-05,-8.2092E-07
3.65174,-0.00107911,-0.006780248,-0.00127529,0.000730841,-0.00185673,,22.94455911,-1.8834E-05,-8.20855E-07
3.75837,-0.00111062,-0.006978231,-0.00131252,0.000730838,-0.001856617,,23.61453516,-1.9384E-05,-8.20805E-07
3.86812,-0.00114305,-0.007181995,-0.00135085,0.000730834,-0.001856863,,24.30411475,-1.995E-05,-8.20914E-07
3.98107,-0.00117643,-0.007391728,-0.0013903,0.000730831,-0.00185658,,25.01380053,-2.05326E-05,-8.20789E-07
4.09732,-0.00121078,-0.007607555,-0.00143089,0.000730827,-0.001856336,,25.74422082,-2.11321E-05,-8.20681E-07
4.21697,-0.00124613,-0.007829666,-0.00147268,0.000730824,-0.001856941,,26.49600394,-2.17491E-05,-8.20948E-07
4.3401,-0.00128252,-0.008058311,-0.00151568,0.00073082,-0.001856598,,27.26965255,-2.23842E-05,-8.20797E-07
4.46684,-0.00131997,-0.008293616,-0.00155994,0.000730815,-0.001856582,,28.06598346,-2.30378E-05,-8.20789E-07
4.59727,-0.00135851,-0.00853577,-0.00160549,0.000730811,-0.001856779,,28.88549932,-2.37105E-05,-8.20876E-07
4.73151,-0.00139818,-0.008785024,-0.00165237,0.000730806,-0.001856716,,29.72895411,-2.44028E-05,-8.20849E-07
4.86968,-0.00143901,-0.009041566,-0.00170062,0.000730801,-0.001856807,,30.59710183,-2.51155E-05,-8.20889E-07
5.01187,-0.00148103,-0.009305586,-0.00175027,0.000730796,-0.001856835,,31.49050795,-2.58488E-05,-8.20901E-07
5.15822,-0.00152428,-0.009577334,-0.00180138,0.00073079,-0.001856756,,32.41005212,-2.66037E-05,-8.20866E-07
5.30884,-0.00156879,-0.009856998,-0.00185398,0.000730784,-0.001856221,,33.35642549,-2.73806E-05,-8.2063E-07
5.46387,-0.00161459,-0.010144768,-0.00190812,0.000730778,-0.001856915,,34.3305077,-2.81799E-05,-8.20937E-07
5.62341,-0.00166174,-0.01044102,-0.00196384,0.000730771,-0.001856526,,35.33292709,-2.90028E-05,-8.20765E-07
5.78762,-0.00171026,-0.010745881,-0.00202118,0.000730764,-0.0018567,,36.36468895,-2.98497E-05,-8.20842E-07
5.95662,-0.0017602,-0.011059663,-0.0020802,0.000730756,-0.001856708,,37.42654726,-3.07213E-05,-8.20845E-07
6.13056,-0.0018116,-0.011382619,-0.00214094,0.000730748,-0.001856771,,38.51944452,-3.16184E-05,-8.20873E-07
6.30957,-0.0018645,-0.011714999,-0.00220346,0.00073074,-0.001856822,,39.64419752,-3.25417E-05,-8.20896E-07
6.49382,-0.00191895,-0.012057118,-0.0022678,0.000730731,-0.001856591,,40.80187441,-3.3492E-05,-8.20794E-07
6.68344,-0.00197498,-0.012409165,-0.00233402,0.000730722,-0.001856688,,41.99329201,-3.44699E-05,-8.20836E-07
6.8786,-0.00203265,-0.012771517,-0.00240217,0.000730711,-0.001856552,,43.21951845,-3.54764E-05,-8.20776E-07
7.07946,-0.002092,-0.013144424,-0.00247231,0.000730701,-0.00185681,,44.48155905,-3.65123E-05,-8.2089E-07
7.28618,-0.00215309,-0.013528263,-0.00254451,0.00073069,-0.001856664,,45.78041912,-3.75785E-05,-8.20826E-07
7.49894,-0.00221596,-0.013923287,-0.0026188,0.000730678,-0.001856435,,47.11722963,-3.86758E-05,-8.20724E-07
7.71792,-0.00228066,-0.014329809,-0.00269527,0.000730665,-0.001856852,,48.49312155,-3.9805E-05,-8.20909E-07
7.94328,-0.00234726,-0.01474827,-0.00277397,0.000730652,-0.001856648,,49.90910019,-4.09674E-05,-8.20819E-07
8.17523,-0.0024158,-0.015178919,-0.00285497,0.000730637,-0.001856635,,51.36648502,-4.21637E-05,-8.20813E-07
8.41395,-0.00248634,-0.015622135,-0.00293834,0.000730622,-0.001856646,,52.86640702,-4.33948E-05,-8.20818E-07
8.65964,-0.00255894,-0.016078294,-0.00302413,0.000730606,-0.001856605,,54.41012281,-4.46619E-05,-8.20799E-07
8.91251,-0.00263366,-0.016547774,-0.00311244,0.00073059,-0.001856588,,55.99895188,-4.5966E-05,-8.20792E-07
9.17276,-0.00271056,-0.017030951,-0.00320332,0.000730572,-0.001856689,,57.63415086,-4.73082E-05,-8.20837E-07
9.44061,-0.00278971,-0.017528265,-0.00329685,0.000730553,-0.00185667,,59.31710204,-4.86896E-05,-8.20828E-07
9.71628,-0.00287117,-0.018040093,-0.00339312,0.000730533,-0.001856698,,61.04918774,-5.01114E-05,-8.20841E-07
10,-0.00295501,-0.018566875,-0.0034922,0.000730512,-0.001856552,,62.83185307,-5.15747E-05,-8.20776E-07
10.292,-0.00304129,-0.019108989,-0.00359416,0.000730489,-0.001856937,,64.66654318,-5.30805E-05,-8.20947E-07
10.5925,-0.0031301,-0.019666998,-0.00369911,0.000730465,-0.001856516,,66.55464037,-5.46306E-05,-8.2076E-07
10.9018,-0.00322149,-0.020241219,-0.00380712,0.00073044,-0.001856342,,68.49802958,-5.62256E-05,-8.20683E-07
11.2202,-0.00331556,-0.020832278,-0.00391828,0.000730413,-0.001856762,,70.49859578,-5.78674E-05,-8.20869E-07
11.5478,-0.00341237,-0.021440553,-0.00403269,0.000730385,-0.001856633,,72.55696729,-5.95571E-05,-8.20812E-07
11.885,-0.00351201,-0.02206661,-0.00415044,0.000730355,-0.001856355,,74.67565738,-6.12961E-05,-8.20689E-07
12.2321,-0.00361456,-0.02271095,-0.00427163,0.000730323,-0.00185646,,76.856551,-6.3086E-05,-8.20735E-07
12.5893,-0.0037201,-0.023374078,-0.00439635,0.00073029,-0.001856582,,79.10090479,-6.4928E-05,-8.2079E-07
12.9569,-0.00382872,-0.024056557,-0.00452472,0.000730254,-0.00185672,,81.41060371,-6.68238E-05,-8.20851E-07
13.3352,-0.00394051,-0.024758955,-0.00465683,0.000730217,-0.001856557,,83.78753271,-6.87749E-05,-8.20778E-07
13.7246,-0.00405557,-0.025481898,-0.0047928,0.000730177,-0.001856424,,86.23420507,-7.0783E-05,-8.2072E-07
14.1254,-0.00417399,-0.026225953,-0.00493274,0.000730134,-0.00185677,,88.75250574,-7.28499E-05,-8.20872E-07
14.5378,-0.00429586,-0.026991684,-0.00507677,0.00073009,-0.001856248,,91.34369136,-7.49769E-05,-8.20642E-07
14.9624,-0.0044213,-0.027779847,-0.005225,0.000730042,-0.001856481,,94.01153184,-7.71662E-05,-8.20745E-07
15.3993,-0.00455039,-0.028590944,-0.00537755,0.000729992,-0.001856726,,96.7566555,-7.94193E-05,-8.20853E-07
15.8489,-0.00468325,-0.029425728,-0.00553456,0.000729939,-0.001856445,,99.58157561,-8.17381E-05,-8.20729E-07
16.3117,-0.00481999,-0.03028489,-0.00569615,0.000729883,-0.001856594,,102.4894338,-8.41247E-05,-8.20795E-07
16.788,-0.00496073,-0.031169186,-0.00586246,0.000729823,-0.001856122,,105.4821149,-8.65811E-05,-8.20586E-07
17.2783,-0.00510557,-0.032079242,-0.00603363,0.00072976,-0.00185656,,108.5627607,-8.9109E-05,-8.2078E-07
17.7828,-0.00525464,-0.033015877,-0.00620979,0.000729693,-0.00185628,,111.7326277,-9.17108E-05,-8.20656E-07
18.3021,-0.00540806,-0.033979843,-0.00639109,0.000729623,-0.001856503,,114.9954858,-9.43885E-05,-8.20754E-07
18.8365,-0.00556596,-0.034971958,-0.00657768,0.000729548,-0.00185651,,118.35322,-9.71443E-05,-8.20758E-07
19.3865,-0.00572847,-0.035993039,-0.00676972,0.000729469,-0.00185632,,121.808972,-9.99807E-05,-8.20674E-07
19.9526,-0.00589572,-0.037043901,-0.00696736,0.000729385,-0.001856165,,125.3658832,-0.0001029,-8.20605E-07
20.5353,-0.00606786,-0.038125489,-0.00717077,0.000729296,-0.001856453,,129.0270952,-0.000105904,-8.20732E-07
21.1349,-0.00624502,-0.039238618,-0.00738012,0.000729202,-0.001856447,,132.7944931,-0.000108996,-8.2073E-07
21.752,-0.00642735,-0.040384231,-0.00759558,0.000729102,-0.001856171,,136.6718468,-0.000112178,-8.20608E-07
22.3872,-0.006615,-0.041563271,-0.00781732,0.000728997,-0.001856313,,140.6629261,-0.000115454,-8.2067E-07
23.0409,-0.00680813,-0.042776742,-0.00804554,0.000728885,-0.001856192,,144.7702443,-0.000118824,-8.20617E-07
23.7137,-0.00700689,-0.044025588,-0.00828041,0.000728767,-0.001856103,,148.9975714,-0.000122293,-8.20578E-07
24.4062,-0.00721146,-0.04531094,-0.00852213,0.000728642,-0.001856039,,153.3486772,-0.000125864,-8.20549E-07
25.1189,-0.00742199,-0.046633739,-0.00877091,0.000728509,-0.001856341,,157.8267034,-0.000129538,-8.20683E-07
25.8523,-0.00763867,-0.047995179,-0.00902695,0.000728369,-0.001855828,,162.4347915,-0.00013332,-8.20456E-07
26.6073,-0.00786167,-0.049396329,-0.00929046,0.000728221,-0.001856164,,167.1785964,-0.000137212,-8.20605E-07
27.3842,-0.00809118,-0.050838383,-0.00956165,0.000728064,-0.001856117,,172.0600031,-0.000141218,-8.20584E-07
28.1838,-0.00832739,-0.052322534,-0.00984076,0.000727898,-0.001855945,,177.0840381,-0.00014534,-8.20508E-07
29.0068,-0.00857049,-0.053849977,-0.010128,0.000727722,-0.001855951,,182.2550996,-0.000149583,-8.2051E-07
29.8538,-0.00882068,-0.055421967,-0.0104236,0.000727536,-0.001855767,,187.5769575,-0.00015395,-8.20429E-07
30.7256,-0.00907817,-0.057039824,-0.0107279,0.000727339,-0.001855823,,193.0546385,-0.000158444,-8.20454E-07
31.6228,-0.00934317,-0.058704868,-0.011041,0.000727131,-0.001855765,,198.6919123,-0.000163069,-8.20428E-07
32.5462,-0.0096159,-0.060418482,-0.0113632,0.000726911,-0.001855864,,204.4938056,-0.000167829,-8.20472E-07
33.4965,-0.00989659,-0.062182109,-0.0116949,0.000726678,-0.00185573,,210.4647166,-0.000172728,-8.20413E-07
34.4747,-0.0101855,-0.063997384,-0.0120362,0.000726431,-0.001855743,,216.6109285,-0.000177771,-8.20419E-07
35.4813,-0.0104828,-0.065865375,-0.0123875,0.000726171,-0.001855059,,222.9355828,-0.000182959,-8.20116E-07
36.5174,-0.0107887,-0.067787401,-0.012749,0.000725895,-0.001855552,,229.4455911,-0.000188298,-8.20334E-07
37.5837,-0.0111036,-0.069765976,-0.013121,0.000725603,-0.001855472,,236.1453516,-0.000193794,-8.20299E-07
38.6812,-0.0114277,-0.071802357,-0.0135039,0.000725295,-0.001855195,,243.0411475,-0.000199451,-8.20176E-07
39.8107,-0.0117612,-0.073897799,-0.0138979,0.000724969,-0.001855499,,250.1380053,-0.000205272,-8.20311E-07
40.9732,-0.0121045,-0.076054817,-0.0143034,0.000724624,-0.001855286,,257.4422082,-0.000211263,-8.20216E-07
42.1697,-0.0124578,-0.078274666,-0.0147208,0.00072426,-0.0018549,,264.9600394,-0.00021743,-8.20046E-07
43.401,-0.0128213,-0.080558604,-0.0151503,0.000723875,-0.001855111,,272.6965255,-0.000223774,-8.20139E-07
44.6684,-0.0131955,-0.082909772,-0.0155923,0.000723468,-0.001854655,,280.6598346,-0.000230305,-8.19937E-07
45.9727,-0.0135805,-0.085328798,-0.0160472,0.000723038,-0.001854906,,288.8549932,-0.000237024,-8.20049E-07
47.3151,-0.0139768,-0.087818824,-0.0165153,0.000722584,-0.001854442,,297.2895411,-0.000243941,-8.19844E-07
48.6968,-0.0143846,-0.090381107,-0.016997,0.000722104,-0.001854598,,305.9710183,-0.000251059,-8.19912E-07
50.1187,-0.0148043,-0.09301816,-0.0174928,0.000721597,-0.001854688,,314.9050795,-0.000258384,-8.19952E-07
51.5822,-0.0152363,-0.095732496,-0.018003,0.000721062,-0.001854253,,324.1005212,-0.000265924,-8.1976E-07
53.0884,-0.0156808,-0.098525372,-0.0185281,0.000720496,-0.001854194,,333.5642549,-0.000273682,-8.19734E-07
54.6387,-0.0161383,-0.101399929,-0.0190684,0.0007199,-0.001854158,,343.305077,-0.000281666,-8.19718E-07
56.2341,-0.0166091,-0.104358053,-0.0196244,0.00071927,-0.001853848,,353.3292709,-0.000289883,-8.19581E-07
57.8762,-0.0170936,-0.107402256,-0.0201967,0.000718605,-0.001853726,,363.6468895,-0.00029834,-8.19527E-07
59.5662,-0.0175922,-0.110535053,-0.0207855,0.000717904,-0.001853457,,374.2654726,-0.000307042,-8.19408E-07
61.3056,-0.0181053,-0.113758955,-0.0213915,0.000717165,-0.001853261,,385.1944452,-0.000315997,-8.19321E-07
63.0957,-0.0186333,-0.117076477,-0.0220151,0.000716385,-0.001853071,,396.4419752,-0.000325212,-8.19237E-07
64.9382,-0.0191767,-0.12049076,-0.0226568,0.000715563,-0.001853278,,408.0187441,-0.000334697,-8.19329E-07
66.8344,-0.019736,-0.124004945,-0.0233171,0.000714697,-0.001852503,,419.9329201,-0.000344458,-8.18986E-07
68.786,-0.0203114,-0.12762029,-0.0239966,0.000713784,-0.001852798,,432.1951845,-0.000354501,-8.19117E-07
70.7946,-0.0209037,-0.131341821,-0.0246959,0.000712822,-0.001852251,,444.8155905,-0.000364838,-8.18875E-07
72.8618,-0.0215131,-0.135170794,-0.0254154,0.00071181,-0.001852234,,457.8041912,-0.000375474,-8.18867E-07
74.9894,-0.0221403,-0.139111608,-0.0261558,0.000710744,-0.001851844,,471.1722963,-0.000386421,-8.18695E-07
77.1792,-0.0227857,-0.143166775,-0.0269177,0.000709622,-0.001851555,,484.9312155,-0.000397685,-8.18567E-07
79.4328,-0.0234498,-0.147339439,-0.0277017,0.000708443,-0.001851501,,499.0910019,-0.000409276,-8.18543E-07
81.7523,-0.0241333,-0.151633996,-0.0285085,0.000707202,-0.001850844,,513.6648502,-0.000421206,-8.18253E-07
84.1395,-0.0248365,-0.156052332,-0.0293386,0.000705898,-0.001851019,,528.6640702,-0.000433479,-8.1833E-07
86.5964,-0.0255603,-0.160600101,-0.0301927,0.000704528,-0.001850393,,544.1012281,-0.000446111,-8.18053E-07
89.1251,-0.026305,-0.16527919,-0.0310716,0.00070309,-0.001850069,,559.9895188,-0.000459109,-8.1791E-07
91.7276,-0.0270713,-0.170093994,-0.0319759,0.000701579,-0.001849886,,576.3415086,-0.000472483,-8.17829E-07
94.4061,-0.0278599,-0.175048914,-0.0329064,0.000699995,-0.001849377,,593.1710204,-0.000486247,-8.17604E-07
97.1628,-0.0286713,-0.180147091,-0.0338638,0.000698334,-0.001849168,,610.4918774,-0.000500409,-8.17512E-07
100,-0.0295063,-0.185393551,-0.0348489,0.000696592,-0.001848806,,628.3185307,-0.000514982,-8.17352E-07
102.92,-0.0303655,-0.190792063,-0.0358625,0.000694768,-0.001848574,,646.6654318,-0.000529978,-8.17249E-07
105.925,-0.0312496,-0.196347028,-0.0369054,0.000692859,-0.001847984,,665.5464037,-0.000545408,-8.16988E-07
109.018,-0.0321593,-0.202062841,-0.0379784,0.000690862,-0.001847067,,684.9802958,-0.000561286,-8.16583E-07
112.202,-0.0330953,-0.207943903,-0.0390823,0.000688773,-0.001847364,,704.9859578,-0.000577622,-8.16714E-07
115.478,-0.0340585,-0.213995867,-0.0402181,0.000686591,-0.001846571,,725.5696729,-0.000594433,-8.16364E-07
118.85,-0.0350495,-0.220222503,-0.0413867,0.000684313,-0.001845855,,746.7565738,-0.000611729,-8.16047E-07
122.321,-0.0360692,-0.226629467,-0.042589,0.000681936,-0.00184573,,768.56551,-0.000629526,-8.15992E-07
125.893,-0.0371185,-0.233222414,-0.0438259,0.000679458,-0.001845301,,791.0090479,-0.00064784,-8.15802E-07
129.569,-0.0381981,-0.240005741,-0.0450985,0.000676876,-0.001844928,,814.1060371,-0.000666683,-8.15637E-07
133.352,-0.0393089,-0.246985103,-0.0464077,0.000674189,-0.001844133,,837.8753271,-0.00068607,-8.15286E-07
137.246,-0.0404518,-0.254166155,-0.0477546,0.000671395,-0.001843413,,862.3420507,-0.000706017,-8.14967E-07
141.254,-0.0416277,-0.261554553,-0.0491403,0.000668492,-0.001843515,,887.5250574,-0.00072654,-8.15012E-07
145.378,-0.0428377,-0.269157207,-0.0505659,0.000665479,-0.001842042,,913.4369136,-0.000747659,-8.14361E-07
149.624,-0.0440825,-0.276978516,-0.0520324,0.000662354,-0.001842099,,940.1153184,-0.000769385,-8.14387E-07
153.993,-0.0453634,-0.285026648,-0.0535411,0.000659116,-0.001841633,,967.566555,-0.000791741,-8.14181E-07
158.489,-0.0466812,-0.29330663,-0.0550932,0.000655766,-0.001840832,,995.8157561,-0.000814741,-8.13826E-07
163.117,-0.0480371,-0.301826001,-0.0566899,0.000652301,-0.001840236,,1024.894338,-0.000838406,-8.13563E-07
167.88,-0.0494321,-0.310591044,-0.0583325,0.000648724,-0.001839334,,1054.821149,-0.000862753,-8.13164E-07
172.783,-0.0508674,-0.3196093,-0.0600222,0.000645033,-0.001839124,,1085.627607,-0.000887804,-8.13071E-07
177.828,-0.0523441,-0.32888768,-0.0617605,0.000641231,-0.001838373,,1117.326277,-0.000913577,-8.12739E-07
183.021,-0.0538635,-0.338434352,-0.0635487,0.000637318,-0.001837926,,1149.954858,-0.000940095,-8.12542E-07
188.365,-0.0554267,-0.348256227,-0.0653882,0.000633295,-0.001837203,,1183.5322,-0.000967378,-8.12222E-07
193.865,-0.0570349,-0.358360846,-0.0672805,0.000629166,-0.001836564,,1218.08972,-0.000995447,-8.11939E-07
199.526,-0.0586896,-0.368757632,-0.0692272,0.000624932,-0.001835786,,1253.658832,-0.001024327,-8.11595E-07
205.353,-0.0603921,-0.379454755,-0.0712298,0.000620598,-0.001835495,,1290.270952,-0.001054041,-8.11467E-07
211.349,-0.0621437,-0.390460383,-0.0732899,0.000616165,-0.001834861,,1327.944931,-0.001084612,-8.11187E-07
217.52,-0.0639458,-0.401783311,-0.0754092,0.000611638,-0.001834112,,1366.718468,-0.001116065,-8.10856E-07
223.872,-0.0658,-0.413433593,-0.0775893,0.000607022,-0.001833533,,1406.629261,-0.001148427,-8.10599E-07
230.409,-0.0677076,-0.425419398,-0.0798321,0.000602321,-0.001833032,,1447.702443,-0.001181721,-8.10378E-07
237.137,-0.0696704,-0.437752034,-0.0821393,0.00059754,-0.001832331,,1489.975714,-0.001215978,-8.10068E-07
244.062,-0.0716899,-0.450440926,-0.0845129,0.000592686,-0.001831795,,1533.486772,-0.001251225,-8.09831E-07
251.189,-0.0737677,-0.463496129,-0.0869547,0.000587763,-0.001831496,,1578.267034,-0.001287489,-8.09699E-07
258.523,-0.0759055,-0.476928322,-0.0894668,0.000582779,-0.001830612,,1624.347915,-0.001324801,-8.09308E-07
266.073,-0.0781052,-0.490749445,-0.0920512,0.00057774,-0.001830365,,1671.785964,-0.001363193,-8.09199E-07
273.842,-0.0803684,-0.50496955,-0.09471,0.000572652,-0.00182995,,1720.600031,-0.001402693,-8.09016E-07
281.838,-0.0826972,-0.519601832,-0.0974455,0.000567523,-0.0018293,,1770.840381,-0.001443338,-8.08728E-07
290.068,-0.0850933,-0.534656972,-0.10026,0.00056236,-0.001828948,,1822.550996,-0.001485158,-8.08573E-07
298.538,-0.0875588,-0.550148166,-0.103155,0.00055717,-0.00182838,,1875.769575,-0.001528189,-8.08321E-07
307.256,-0.0900957,-0.566087978,-0.106134,0.00055196,-0.00182809,,1930.546385,-0.001572467,-8.08193E-07
316.228,-0.0927061,-0.582489605,-0.109199,0.000546738,-0.001827731,,1986.919123,-0.001618027,-8.08034E-07
325.462,-0.0953922,-0.599366869,-0.112353,0.000541511,-0.001827499,,2044.938056,-0.001664908,-8.07932E-07
334.965,-0.0981562,-0.616733594,-0.115598,0.000536286,-0.001826633,,2104.647166,-0.001713149,-8.07549E-07
344.747,-0.101,-0.634601716,-0.118937,0.00053107,-0.00182703,,2166.109285,-0.001762783,-8.07725E-07
354.813,-0.103927,-0.652992599,-0.122372,0.000525869,-0.001826557,,2229.355828,-0.001813868,-8.07515E-07
365.174,-0.106939,-0.671917554,-0.125907,0.000520691,-0.001826089,,2294.455911,-0.001866438,-8.07309E-07
375.837,-0.110038,-0.691389145,-0.129545,0.000515542,-0.001826274,,2361.453516,-0.001920525,-8.07391E-07
386.812,-0.113228,-0.711432506,-0.133288,0.000510426,-0.001825712,,2430.411475,-0.001976201,-8.07142E-07
398.107,-0.11651,-0.73205392,-0.13714,0.000505351,-0.001825232,,2501.380053,-0.002033483,-8.0693E-07
409.732,-0.119887,-0.753272237,-0.141103,0.00050032,-0.001825353,,2574.422082,-0.002092423,-8.06983E-07
421.697,-0.123363,-0.775112589,-0.145182,0.000495339,-0.001825303,,2649.600394,-0.002153091,-8.06961E-07
434.01,-0.12694,-0.797587543,-0.14938,0.000490411,-0.001825366,,2726.965255,-0.002215521,-8.06989E-07
446.684,-0.130622,-0.820722231,-0.153699,0.00048554,-0.001825269,,2806.598346,-0.002279784,-8.06946E-07
459.727,-0.134411,-0.84452922,-0.158145,0.00048073,-0.001824951,,2888.549932,-0.002345915,-8.06805E-07
473.151,-0.13831,-0.86902736,-0.16272,0.000475982,-0.001824884,,2972.895411,-0.002413965,-8.06776E-07
486.968,-0.142323,-0.894241782,-0.167428,0.000471299,-0.00182455,,3059.710183,-0.002484005,-8.06628E-07
501.187,-0.146452,-0.920185055,-0.172274,0.000466682,-0.001825065,,3149.050795,-0.00255607,-8.06856E-07
515.822,-0.150703,-0.946894875,-0.177261,0.000462133,-0.001824635,,3241.005212,-0.002630264,-8.06666E-07
530.884,-0.155077,-0.974377528,-0.182394,0.000457651,-0.001825013,,3335.642549,-0.002706604,-8.06833E-07
546.387,-0.15958,-1.002670711,-0.187676,0.000453236,-0.001824621,,3433.05077,-0.002785196,-8.06659E-07
562.341,-0.164213,-1.031780709,-0.193113,0.000448888,-0.001824768,,3533.292709,-0.002866058,-8.06724E-07
578.762,-0.168982,-1.06174522,-0.198708,0.000444605,-0.001825098,,3636.468895,-0.002949292,-8.0687E-07
595.662,-0.173891,-1.092589376,-0.204467,0.000440386,-0.00182492,,3742.654726,-0.00303497,-8.06792E-07
613.056,-0.178943,-1.124332028,-0.210395,0.000436229,-0.00182483,,3851.944452,-0.003123145,-8.06752E-07
630.957,-0.184142,-1.156998309,-0.216495,0.000432131,-0.001825108,,3964.419752,-0.003213884,-8.06875E-07
649.382,-0.189494,-1.190625917,-0.222774,0.000428088,-0.001824781,,4080.187441,-0.003307294,-8.0673E-07
668.344,-0.195001,-1.225227418,-0.229237,0.000424097,-0.001825137,,4199.329201,-0.003403409,-8.06888E-07
687.86,-0.20067,-1.260846796,-0.235889,0.000420154,-0.001825271,,4321.951845,-0.003502352,-8.06947E-07
707.946,-0.206505,-1.297509182,-0.242735,0.000416254,-0.0018252,,4448.155905,-0.003604192,-8.06915E-07
728.618,-0.21251,-1.33523971,-0.249782,0.000412393,-0.00182536,,4578.041912,-0.003708999,-8.06986E-07
749.894,-0.218691,-1.374076078,-0.257035,0.000408564,-0.001825446,,4711.722963,-0.003816878,-8.07024E-07
771.792,-0.225053,-1.414049703,-0.2645,0.000404762,-0.001825626,,4849.312155,-0.003927916,-8.07104E-07
794.328,-0.231601,-1.455192,-0.272184,0.000400982,-0.001825496,,4990.910019,-0.0040422,-8.07047E-07
817.523,-0.23834,-1.497534386,-0.280092,0.000397215,-0.00182584,,5136.648502,-0.004159818,-8.07199E-07
841.395,-0.245277,-1.541120843,-0.288232,0.000393456,-0.001825701,,5286.640702,-0.004280891,-8.07137E-07
865.964,-0.252416,-1.585976502,-0.296611,0.000389696,-0.001825794,,5441.012281,-0.00440549,-8.07178E-07
891.251,-0.259764,-1.632145348,-0.305234,0.000385929,-0.001825926,,5599.895188,-0.004533737,-8.07237E-07
917.276,-0.267327,-1.679665079,-0.31411,0.000382145,-0.001825959,,5763.415086,-0.004665736,-8.07251E-07
944.061,-0.275111,-1.728573393,-0.323246,0.000378336,-0.001826128,,5931.710204,-0.004801593,-8.07326E-07
971.628,-0.283123,-1.778914274,-0.332649,0.000374494,-0.001826137,,6104.918774,-0.004941429,-8.0733E-07
1000,-0.291369,-1.83072542,-0.342327,0.000370609,-0.001826427,,6283.185307,-0.005085348,-8.07458E-07
1029.2,-0.299857,-1.884057097,-0.352288,0.00036667,-0.00182641,,6466.654318,-0.005233492,-8.07451E-07
1059.25,-0.308592,-1.93894072,-0.362541,0.000362669,-0.001826451,,6655.464037,-0.005385946,-8.07468E-07
1090.18,-0.317583,-1.995432839,-0.373094,0.000358593,-0.001826149,,6849.802958,-0.005542869,-8.07335E-07
1122.02,-0.326837,-2.053577436,-0.383956,0.000354433,-0.001826842,,7049.859578,-0.005704382,-8.07641E-07
1154.78,-0.336362,-2.113424776,-0.395136,0.000350176,-0.001826633,,7255.696729,-0.005870624,-8.07549E-07
1188.5,-0.346165,-2.175018842,-0.406642,0.00034581,-0.001826486,,7467.565738,-0.006041719,-8.07484E-07
1223.21,-0.356255,-2.238416182,-0.418486,0.000341323,-0.001826556,,7685.6551,-0.006217823,-8.07515E-07
1258.93,-0.366639,-2.303660778,-0.430675,0.000336701,-0.001827012,,7910.090479,-0.006399058,-8.07717E-07
1295.69,-0.377328,-2.370821746,-0.443222,0.00033193,-0.001827156,,8141.060371,-0.006585616,-8.0778E-07
1333.52,-0.388329,-2.439943067,-0.456135,0.000326996,-0.001826868,,8378.753271,-0.00677762,-8.07653E-07
1372.46,-0.399651,-2.511081291,-0.469426,0.000321884,-0.001826952,,8623.420507,-0.006975226,-8.0769E-07
1412.54,-0.411305,-2.584305533,-0.483106,0.000316578,-0.001827365,,8875.250574,-0.007178626,-8.07873E-07
1453.78,-0.423299,-2.659666057,-0.497186,0.000311062,-0.0018268,,9134.369136,-0.007387961,-8.07623E-07
1496.24,-0.435644,-2.73723198,-0.511678,0.000305318,-0.001827287,,9401.153184,-0.007603422,-8.07838E-07
1539.93,-0.44835,-2.817066132,-0.526593,0.000299327,-0.001827518,,9675.66555,-0.007825184,-8.0794E-07
1584.89,-0.461427,-2.899231347,-0.541945,0.000293071,-0.001827256,,9958.157561,-0.00805342,-8.07824E-07
1631.17,-0.474886,-2.983796738,-0.557745,0.00028653,-0.00182744,,10248.94338,-0.008288324,-8.07906E-07
1678.8,-0.488739,-3.070837704,-0.574008,0.000279682,-0.001827032,,10548.21149,-0.008530105,-8.07725E-07
1727.83,-0.502996,-3.160417077,-0.590746,0.000272506,-0.001827541,,10856.27607,-0.008778936,-8.07951E-07
1778.28,-0.51767,-3.252616538,-0.607973,0.000264978,-0.001827363,,11173.26277,-0.009035046,-8.07872E-07
1830.21,-0.532773,-3.347511486,-0.625704,0.000257074,-0.001827697,,11499.54858,-0.009298643,-8.08019E-07
1883.65,-0.548318,-3.445183601,-0.643953,0.000248767,-0.001827607,,11835.322,-0.009569954,-8.0798E-07
1938.65,-0.564316,-3.545702,-0.662736,0.000240031,-0.001827573,,12180.8972,-0.009849172,-8.07965E-07
1995.26,-0.580782,-3.649160929,-0.682067,0.000230837,-0.001827483,,12536.58832,-0.010136558,-8.07925E-07
2053.53,-0.59773,-3.755648354,-0.701964,0.000221156,-0.00182774,,12902.70952,-0.010432357,-8.08039E-07
2113.49,-0.615172,-3.865239672,-0.722442,0.000210954,-0.001827836,,13279.44931,-0.010736777,-8.08081E-07
2175.2,-0.633124,-3.978035414,-0.743518,0.000200198,-0.001827683,,13667.18468,-0.011050098,-8.08013E-07
2238.72,-0.651601,-4.094129829,-0.76521,0.000188854,-0.001827766,,14066.29261,-0.011372583,-8.0805E-07
2304.09,-0.670617,-4.213610881,-0.787537,0.000176884,-0.001827802,,14477.02443,-0.011704475,-8.08066E-07
2371.37,-0.690189,-4.336585384,-0.810515,0.000164247,-0.001827704,,14899.75714,-0.012046071,-8.08022E-07
2440.62,-0.710333,-4.463153869,-0.834166,0.000150903,-0.001827828,,15334.86772,-0.01239765,-8.08077E-07
2511.89,-0.731066,-4.59342315,-0.858507,0.000136807,-0.001828069,,15782.67034,-0.012759509,-8.08184E-07
2585.23,-0.752404,-4.727493758,-0.883559,0.000121913,-0.001827616,,16243.47915,-0.013131927,-8.07984E-07
2660.73,-0.774365,-4.86547879,-0.909344,0.000106172,-0.00182802,,16717.85964,-0.013515219,-8.08162E-07
2738.42,-0.796968,-5.007497628,-0.935881,8.95308E-05,-0.001828064,,17206.00031,-0.013909716,-8.08182E-07
2818.38,-0.820232,-5.153669651,-0.963194,7.19352E-05,-0.00182785,,17708.40381,-0.014315749,-8.08087E-07
2900.68,-0.844174,-5.304101674,-0.991305,5.33266E-05,-0.001828058,,18225.50996,-0.014733616,-8.08179E-07
2985.38,-0.868817,-5.458938209,-1.02024,3.36437E-05,-0.001827875,,18757.69575,-0.015163717,-8.08098E-07
3072.56,-0.894179,-5.618292355,-1.05001,0.000012821,-0.00182802,,19305.46385,-0.015606368,-8.08162E-07
3162.28,-0.920282,-5.782302341,-1.08066,-9.21016E-06,-0.001828003,,19869.19123,-0.016061951,-8.08155E-07
3254.62,-0.947147,-5.951100114,-1.1122,-3.25229E-05,-0.001828226,,20449.38056,-0.016530834,-8.08254E-07
3349.65,-0.974798,-6.124836471,-1.14467,-5.71944E-05,-0.001828174,,21046.47166,-0.017013435,-8.08231E-07
3447.47,-1.00326,-6.303668491,-1.17808,-8.33063E-05,-0.001827654,,21661.09285,-0.01751019,-8.08001E-07
3548.13,-1.03254,-6.487640157,-1.21247,-0.000110945,-0.001828376,,22293.55828,-0.018021223,-8.0832E-07
3651.74,-1.06269,-6.677078194,-1.24786,-0.000140203,-0.001827857,,22944.55911,-0.018547439,-8.0809E-07
3758.37,-1.09371,-6.871982602,-1.28429,-0.000171175,-0.001828564,,23614.53516,-0.019088841,-8.08403E-07
3868.12,-1.12565,-7.072667541,-1.32178,-0.000203966,-0.001827937,,24304.11475,-0.019646299,-8.08126E-07
3981.07,-1.15851,-7.27913301,-1.36036,-0.000238684,-0.001827934,,25013.80053,-0.020219814,-8.08124E-07
4097.32,-1.19233,-7.491630337,-1.40007,-0.000275443,-0.001828504,,25744.22082,-0.020810084,-8.08376E-07
4216.97,-1.22715,-7.71041085,-1.44095,-0.000314366,-0.001828365,,26496.00394,-0.021417808,-8.08315E-07
4340.1,-1.26298,-7.935537379,-1.48301,-0.000355581,-0.001827845,,27269.65255,-0.022043159,-8.08085E-07
4466.84,-1.29985,-8.167198422,-1.5263,-0.000399225,-0.00182816,,28065.98346,-0.022686662,-8.08224E-07
4597.27,-1.3378,-8.405645304,-1.57086,-0.000445443,-0.001828227,,28885.49932,-0.023349015,-8.08254E-07
4731.51,-1.37686,-8.651066522,-1.61672,-0.000494387,-0.001828522,,29728.95411,-0.02403074,-8.08384E-07
4869.68,-1.41707,-8.903713403,-1.66392,-0.000546221,-0.001828085,,30597.10183,-0.024732537,-8.08191E-07
5011.87,-1.45844,-9.163648779,-1.7125,-0.000601115,-0.001828499,,31490.50795,-0.02545458,-8.08374E-07
5158.22,-1.50103,-9.431249642,-1.76249,-0.000659251,-0.001828389,,32410.05212,-0.026197916,-8.08326E-07
5308.84,-1.54486,-9.706641654,-1.81395,-0.000720822,-0.001828256,,33356.42549,-0.026962893,-8.08267E-07
5463.87,-1.58997,-9.990076143,-1.86691,-0.000786033,-0.001828165,,34330.5077,-0.027750212,-8.08226E-07
5623.41,-1.63639,-10.2817416,-1.92141,-0.000855098,-0.001828211,,35332.92709,-0.028560393,-8.08247E-07
5787.62,-1.68417,-10.5819522,-1.97751,-0.000928247,-0.001828444,,36364.68895,-0.029394312,-8.0835E-07
5956.62,-1.73335,-10.89095925,-2.03524,-0.00100572,-0.001828532,,37426.54726,-0.030252665,-8.08389E-07
6130.56,-1.78397,-11.20901409,-2.09467,-0.00108778,-0.00182834,,38519.44452,-0.03113615,-8.08304E-07
6309.57,-1.83606,-11.53630522,-2.15582,-0.00117469,-0.001828518,,39644.19752,-0.032045292,-8.08382E-07
6493.82,-1.88968,-11.87320961,-2.21876,-0.00126675,-0.001828426,,40801.87441,-0.032981138,-8.08342E-07
6683.44,-1.94486,-12.21991578,-2.28354,-0.00136425,-0.001828357,,41993.29201,-0.03394421,-8.08311E-07
6878.6,-2.00165,-12.57673787,-2.35021,-0.00146752,-0.001828399,,43219.51845,-0.034935383,-8.0833E-07
7079.46,-2.0601,-12.94399005,-2.41883,-0.00157691,-0.001828543,,44481.55905,-0.035955528,-8.08394E-07
7286.18,-2.12026,-13.32198648,-2.48945,-0.00169277,-0.001828609,,45780.41912,-0.037005518,-8.08423E-07
7498.94,-2.18218,-13.71104131,-2.56213,-0.00181549,-0.001828603,,47117.22963,-0.038086226,-8.0842E-07
7717.92,-2.24591,-14.11146871,-2.63694,-0.00194547,-0.001828414,,48493.12155,-0.039198524,-8.08336E-07
7943.28,-2.31149,-14.52352001,-2.71392,-0.00208315,-0.001828747,,49909.10019,-0.040343111,-8.08484E-07
8175.23,-2.379,-14.94769785,-2.79316,-0.00222897,-0.001828472,,51366.48502,-0.041521383,-8.08362E-07
8413.95,-2.44847,-15.38419073,-2.87471,-0.00238344,-0.00182877,,52866.40702,-0.042733863,-8.08494E-07
8659.64,-2.51998,-15.83350131,-2.95864,-0.00254704,-0.001828527,,54410.12281,-0.043981948,-8.08386E-07
8912.51,-2.59357,-16.29588092,-3.04502,-0.00272034,-0.001828823,,55998.95188,-0.045266336,-8.08517E-07
9172.76,-2.66932,-16.7718322,-3.13392,-0.00290389,-0.001828774,,57634.15086,-0.046588423,-8.08496E-07
9440.61,-2.74728,-17.26166933,-3.22542,-0.00309832,-0.001828636,,59317.10204,-0.047949081,-8.08434E-07
9716.28,-2.82751,-17.76576929,-3.31959,-0.00330425,-0.001828794,,61049.18774,-0.049349359,-8.08504E-07
10000,-2.91009,-18.28463473,-3.41651,-0.00352238,-0.001829009,,62831.85307,-0.050790652,-8.086E-07
10292,-2.99509,-18.81870548,-3.51625,-0.00375343,-0.001829128,,64666.54318,-0.052274182,-8.08652E-07
10592.5,-3.08257,-19.36835853,-3.61891,-0.00399815,-0.001828888,,66554.64037,-0.053800996,-8.08546E-07
10901.8,-3.1726,-19.93403371,-3.72457,-0.00425737,-0.001828715,,68498.02958,-0.055372316,-8.08469E-07
11220.2,-3.26527,-20.51629649,-3.8333,-0.00453193,-0.001829143,,70498.59578,-0.056989712,-8.08659E-07
11547.8,-3.36064,-21.11552387,-3.94522,-0.00482275,-0.001829055,,72556.96729,-0.058654233,-8.0862E-07
11885,-3.4588,-21.73228134,-4.0604,-0.00513079,-0.00182884,,74675.65738,-0.060367448,-8.08525E-07
12232.1,-3.55983,-22.36707155,-4.17894,-0.00545707,-0.001829195,,76856.551,-0.062130754,-8.08682E-07
12589.3,-3.66382,-23.02045999,-4.30094,-0.00580267,-0.001829234,,79100.90479,-0.063945722,-8.08699E-07
12956.9,-3.77084,-23.69288648,-4.4265,-0.00616872,-0.001829482,,81410.60371,-0.065813574,-8.08808E-07
13335.2,-3.88099,-24.38497935,-4.55572,-0.00655646,-0.001829449,,83787.53271,-0.067736054,-8.08794E-07
13724.6,-3.99437,-25.0973669,-4.68872,-0.00696714,-0.001829304,,86234.20507,-0.069714908,-8.0873E-07
14125.4,-4.11106,-25.83055179,-4.8256,-0.00740215,-0.001829803,,88752.50574,-0.071751533,-8.0895E-07
14537.8,-4.23116,-26.58516234,-4.96647,-0.0078629,-0.001829168,,91343.69136,-0.073847673,-8.0867E-07
14962.4,-4.35477,-27.36182688,-5.11145,-0.00835094,-0.001829731,,94011.53184,-0.076005075,-8.08919E-07
15399.3,-4.482,-28.16123655,-5.26066,-0.00886787,-0.001830034,,96756.6555,-0.078225657,-8.09052E-07
15848.9,-4.61295,-28.98401966,-5.41423,-0.0094154,-0.001829835,,99581.57561,-0.080511166,-8.08965E-07
16311.7,-4.74773,-29.83086738,-5.57227,-0.00999535,-0.001829946,,102489.4338,-0.08286352,-8.09014E-07
16788,-4.88645,-30.70247084,-5.73493,-0.0106096,-0.001829851,,105482.1149,-0.085284641,-8.08972E-07
17278.3,-5.02924,-31.59964687,-5.90233,-0.0112603,-0.001830281,,108562.7607,-0.087776797,-8.09162E-07
17782.8,-5.1762,-32.52302379,-6.07462,-0.0119495,-0.001830146,,111732.6277,-0.090341733,-8.09102E-07
18302.1,-5.32746,-33.4734184,-6.25193,-0.0126794,-0.001830519,,114995.4858,-0.092981718,-8.09267E-07
18836.5,-5.48315,-34.45164752,-6.43441,-0.0134526,-0.001830692,,118353.22,-0.095699021,-8.09343E-07
19386.5,-5.6434,-35.45852796,-6.62221,-0.0142716,-0.001830681,,121808.972,-0.098495911,-8.09339E-07
19952.6,-5.80834,-36.49487655,-6.81549,-0.015139,-0.00183061,,125365.8832,-0.101374657,-8.09307E-07
20535.3,-5.97811,-37.56157292,-7.01441,-0.0160578,-0.001831094,,129027.0952,-0.104337703,-8.09521E-07
21134.9,-6.15285,-38.65949672,-7.21912,-0.0170311,-0.001831298,,132794.4931,-0.107387491,-8.09611E-07
21752,-6.33271,-39.78959043,-7.42981,-0.0180619,-0.001831244,,136671.8468,-0.11052664,-8.09588E-07
22387.2,-6.51784,-40.95279652,-7.64664,-0.0191538,-0.001831611,,140662.9261,-0.113757768,-8.0975E-07
23040.9,-6.7084,-42.15012031,-7.86979,-0.0203103,-0.001831724,,144770.2443,-0.117083668,-8.098E-07
23713.7,-6.90454,-43.38250428,-8.09944,-0.0215354,-0.001831787,,148997.5714,-0.120506956,-8.09828E-07
24406.2,-7.10643,-44.65101656,-8.33578,-0.022833,-0.001832059,,153348.6772,-0.124030602,-8.09948E-07
25118.9,-7.31424,-45.9567253,-8.57902,-0.0242074,-0.00183261,,157826.7034,-0.12765757,-8.10191E-07
25852.3,-7.52815,-47.30076147,-8.82934,-0.0256633,-0.001832443,,162434.7915,-0.131391004,-8.10118E-07
26607.3,-7.74834,-48.68425604,-9.08695,-0.0272054,-0.001833034,,167178.5964,-0.135234045,-8.10379E-07
27384.2,-7.97499,-50.10833999,-9.35207,-0.0288389,-0.001833251,,172060.0031,-0.139189833,-8.10475E-07
28183.8,-8.20829,-51.57420713,-9.62491,-0.0305692,-0.001833423,,177084.0381,-0.143261686,-8.10551E-07
29006.8,-8.44844,-53.08311408,-9.9057,-0.0324021,-0.001833844,,182255.0996,-0.147453095,-8.10737E-07
29853.8,-8.69565,-54.63638032,-10.1947,-0.0343436,-0.001834073,,187576.9575,-0.151767723,-8.10838E-07
30725.6,-8.95013,-56.23532531,-10.492,-0.0364002,-0.001834463,,193054.6385,-0.156209237,-8.11011E-07
31622.8,-9.21208,-57.8812057,-10.7981,-0.0385787,-0.001834875,,198691.9123,-0.160781127,-8.11193E-07
32546.2,-9.48174,-59.57552945,-11.113,-0.0408864,-0.001835433,,204493.8056,-0.165487582,-8.1144E-07
33496.5,-9.75934,-61.3197417,-11.4371,-0.0433311,-0.001835497,,210464.7166,-0.170332616,-8.11468E-07
34474.7,-10.0451,-63.11522473,-11.7707,-0.0459208,-0.001836393,,216610.9285,-0.175320069,-8.11864E-07
35481.3,-10.3393,-64.96373785,-12.1139,-0.0486641,-0.00183626,,222935.5828,-0.180454827,-8.11805E-07
36517.4,-10.6421,-66.86628636,-12.4671,-0.0515703,-0.001837285,,229445.5911,-0.185739684,-8.12258E-07
37583.7,-10.9539,-68.82538354,-12.8306,-0.0546491,-0.001837724,,236145.3516,-0.191181621,-8.12453E-07
38681.2,-11.2749,-70.84228602,-13.2046,-0.0579106,-0.001838506,,243041.1475,-0.196784128,-8.12798E-07
39810.7,-11.6054,-72.91887876,-13.5895,-0.061366,-0.001838744,,250138.0053,-0.202552441,-8.12903E-07
40973.2,-11.9456,-75.05641841,-13.9856,-0.0650266,-0.001839007,,257442.2082,-0.208490051,-8.13019E-07
42169.7,-12.2958,-77.2567899,-14.3932,-0.0689049,-0.001840612,,264960.0394,-0.214602194,-8.13729E-07
43401,-12.6565,-79.52313484,-14.8127,-0.0730137,-0.001840734,,272696.5255,-0.220897597,-8.13783E-07
44668.4,-13.0278,-81.85608154,-15.2443,-0.0773668,-0.001841648,,280659.8346,-0.227378004,-8.14187E-07
45972.7,-13.4101,-84.25814329,-15.6884,-0.081979,-0.001842269,,288854.9932,-0.234050398,-8.14462E-07
47315.1,-13.8037,-86.73120502,-16.1454,-0.0868656,-0.001843074,,297289.5411,-0.240920014,-8.14817E-07
48696.8,-14.209,-89.27778003,-16.6156,-0.0920431,-0.001843993,,305971.0183,-0.247993833,-8.15224E-07
50118.7,-14.6263,-91.89975326,-17.0995,-0.0975289,-0.001845243,,314905.0795,-0.255277092,-8.15776E-07
51582.2,-15.0561,-94.6002663,-17.5973,-0.103341,-0.00184591,,324100.5212,-0.262778518,-8.16071E-07
53088.4,-15.4986,-97.3805758,-18.1096,-0.1095,-0.001846899,,333564.2549,-0.270501599,-8.16509E-07
54638.7,-15.9543,-100.2438233,-18.6367,-0.116026,-0.001848251,,343305.077,-0.278455065,-8.17106E-07
56234.1,-16.4236,-103.1925222,-19.179,-0.122941,-0.001849256,,353329.2709,-0.286645895,-8.17551E-07
57876.2,-16.9069,-106.2291857,-19.7369,-0.130269,-0.001850751,,363646.8895,-0.295081071,-8.18212E-07
59566.2,-17.4047,-109.3569553,-20.311,-0.138034,-0.00185165,,374265.4726,-0.30376932,-8.18609E-07
61305.6,-17.9173,-112.5777161,-20.9016,-0.146262,-0.001853261,,385194.4452,-0.312715878,-8.19321E-07
63095.7,-18.4453,-115.8952379,-21.5092,-0.154981,-0.001854776,,396441.9752,-0.321931217,-8.19991E-07
64938.2,-18.9892,-119.3126624,-22.1343,-0.16422,-0.001855929,,408018.7441,-0.331424062,-8.20501E-07
66834.4,-19.5493,-122.8318745,-22.7774,-0.174012,-0.001857976,,419932.9201,-0.341199651,-8.21406E-07
68786,-20.1264,-126.4579008,-23.4389,-0.184388,-0.001859367,,432195.1845,-0.351271947,-8.22021E-07
70794.6,-20.7208,-130.1926261,-24.1194,-0.195385,-0.001861369,,444815.5905,-0.361646184,-8.22906E-07
72861.8,-21.3332,-134.0404488,-24.8194,-0.207038,-0.001863161,,457804.1912,-0.37233458,-8.23698E-07
74989.4,-21.9641,-138.0045104,-25.5394,-0.219388,-0.001865043,,471172.2963,-0.383345862,-8.2453E-07
77179.2,-22.6141,-142.0885809,-26.28,-0.232476,-0.001867168,,484931.2155,-0.394690502,-8.25469E-07
79432.8,-23.2838,-146.2964301,-27.0417,-0.246346,-0.00186938,,499091.0019,-0.406378972,-8.26447E-07
81752.3,-23.9739,-150.6324562,-27.8251,-0.261046,-0.001871638,,513664.8502,-0.41842349,-8.27445E-07
84139.5,-24.685,-155.1004293,-28.6307,-0.276624,-0.001874036,,528664.0702,-0.430834526,-8.28506E-07
86596.4,-25.4178,-159.7047475,-29.4592,-0.293133,-0.001876483,,544101.2281,-0.443624299,-8.29587E-07
89125.1,-26.173,-164.449809,-30.3112,-0.310628,-0.001879282,,559989.5188,-0.456805025,-8.30825E-07
91727.6,-26.9514,-169.3406405,-31.1872,-0.329169,-0.001882023,,576341.5086,-0.470390668,-8.32037E-07
94406.1,-27.7537,-174.3816401,-32.0879,-0.348818,-0.001884705,,593171.0204,-0.484393445,-8.33222E-07
97162.8,-28.5806,-179.577206,-33.0139,-0.369639,-0.001887923,,610491.8774,-0.498825572,-8.34645E-07
100000,-29.4331,-184.9336215,-33.9658,-0.391703,-0.001891196,,628318.5307,-0.513704504,-8.36092E-07
102920,-30.312,-190.455913,-34.9444,-0.415083,-0.001894574,,646665.4318,-0.529044203,-8.37586E-07
105925,-31.2181,-196.1491072,-35.9502,-0.439857,-0.001897754,,665546.4037,-0.544858631,-8.38991E-07
109018,-32.1523,-202.018859,-36.9839,-0.466107,-0.00190094,,684980.2958,-0.561163497,-8.404E-07
112202,-33.1156,-208.0714514,-38.0461,-0.493919,-0.001905286,,704985.9578,-0.577976254,-8.42321E-07
115478,-34.109,-214.3131676,-39.1376,-0.523385,-0.001908806,,725569.6729,-0.595314355,-8.43878E-07
118850,-35.1334,-220.7496627,-40.2591,-0.554601,-0.001912652,,746756.5738,-0.613193507,-8.45578E-07
122321,-36.19,-227.3884763,-41.4112,-0.587668,-0.001916794,,768565.51,-0.631634656,-8.47409E-07
125893,-37.2797,-234.2352633,-42.5945,-0.622695,-0.001921192,,791009.0479,-0.650653509,-8.49353E-07
129569,-38.4037,-241.2975636,-43.8098,-0.659792,-0.001925814,,814106.0371,-0.67027101,-8.51397E-07
133352,-39.5632,-248.5829169,-45.0577,-0.69908,-0.001929812,,837875.3271,-0.690508103,-8.53164E-07
137246,-40.7592,-256.0976066,-46.339,-0.740682,-0.001934337,,862342.0507,-0.71138224,-8.55165E-07
141254,-41.9931,-263.8504289,-47.6542,-0.784729,-0.001939347,,887525.0574,-0.732917858,-8.5738E-07
145378,-43.266,-271.8482955,-49.004,-0.83136,-0.001943259,,913436.9136,-0.755134154,-8.59109E-07
149624,-44.5792,-280.0993744,-50.3891,-0.880717,-0.001948377,,940115.3184,-0.778053818,-8.61372E-07
153993,-45.934,-288.6118339,-51.81,-0.932951,-0.001953294,,967566.555,-0.801699539,-8.63545E-07
158489,-47.3317,-297.393842,-53.2675,-0.98822,-0.001957725,,995815.7561,-0.826094006,-8.65505E-07
163117,-48.7737,-306.4541952,-54.762,-1.04669,-0.001962259,,1024894.338,-0.851261653,-8.67509E-07
167880,-50.2612,-315.8004334,-56.2941,-1.10853,-0.001966459,,1054821.149,-0.877223426,-8.69366E-07
172783,-51.7957,-325.4419812,-57.8643,-1.17392,-0.001971264,,1085627.607,-0.904005503,-8.7149E-07
177828,-53.3785,-335.3870069,-59.4731,-1.24304,-0.001975096,,1117326.277,-0.931630575,-8.73184E-07
183021,-55.0109,-345.6436786,-61.1209,-1.3161,-0.001979133,,1149954.858,-0.960121329,-8.74969E-07
188365,-56.6942,-356.2201644,-62.8082,-1.39328,-0.001982745,,1183532.2,-0.989500457,-8.76566E-07
193865,-58.4298,-367.1252609,-64.5353,-1.47479,-0.001985624,,1218089.72,-1.019792391,-8.77839E-07
199526,-60.2188,-378.3658794,-66.3025,-1.56084,-0.001987932,,1253658.832,-1.051016332,-8.78859E-07
205353,-62.0624,-389.9495598,-68.1099,-1.65166,-0.001990269,,1290270.952,-1.083193222,-8.79892E-07
211349,-63.9617,-401.8832137,-69.9579,-1.74746,-0.001991661,,1327944.931,-1.11634226,-8.80507E-07
217520,-65.9178,-414.1737524,-71.8463,-1.84847,-0.001991786,,1366718.468,-1.150482646,-8.80563E-07
223872,-67.9314,-426.8255744,-73.7753,-1.95493,-0.001991454,,1406629.261,-1.185626595,-8.80416E-07
230409,-70.0033,-439.843706,-75.7448,-2.06705,-0.001989738,,1447702.443,-1.221788072,-8.79657E-07
237137,-72.1339,-453.2306606,-77.7546,-2.18509,-0.001986938,,1489975.714,-1.258974057,-8.7842E-07
244062,-74.3238,-466.9902081,-79.8045,-2.30928,-0.001982814,,1533486.772,-1.297195023,-8.76596E-07
251189,-76.5729,-481.1217202,-81.8941,-2.43985,-0.001977481,,1578267.034,-1.336449223,-8.74239E-07
258523,-78.8811,-495.6245685,-84.0229,-2.57704,-0.001969841,,1624347.915,-1.376734913,-8.70861E-07
266073,-81.2481,-510.4968682,-86.1905,-2.72108,-0.001961221,,1671785.964,-1.418046856,-8.6705E-07
273842,-83.6731,-525.7335925,-88.3961,-2.8722,-0.001950333,,1720600.031,-1.46037109,-8.62237E-07
281838,-86.1551,-541.3284585,-90.6391,-3.03061,-0.001937252,,1770840.381,-1.503690162,-8.56453E-07
290068,-88.6926,-557.2720412,-92.9185,-3.19653,-0.001922343,,1822550.996,-1.547977892,-8.49862E-07
298538,-91.284,-573.5542876,-95.2334,-3.37016,-0.001904991,,1875769.575,-1.593206354,-8.42191E-07
307256,-93.9272,-590.162003,-97.5827,-3.55169,-0.001885516,,1930546.385,-1.639338897,-8.33581E-07
316228,-96.6196,-607.0788511,-99.9654,-3.74131,-0.001863726,,1986919.123,-1.686330142,-8.23948E-07
325462,-99.3586,-624.2884957,-102.38,-3.93917,-0.001839665,,2044938.056,-1.73413471,-8.1331E-07
334965,-102.141,-641.7708305,-104.826,-4.14541,-0.00181263,,2104647.166,-1.782696751,-8.01359E-07
344747,-104.963,-659.5019794,-107.3,-4.36018,-0.001784584,,2166109.285,-1.831949943,-7.8896E-07
354813,-107.822,-677.4656062,-109.803,-4.58357,-0.001752573,,2229355.828,-1.881848906,-7.74807E-07
365174,-110.712,-695.6240117,-112.333,-4.81568,-0.001720024,,2294455.911,-1.932288921,-7.60418E-07
375837,-113.631,-713.9646296,-114.887,-5.05657,-0.001684867,,2361453.516,-1.983235082,-7.44875E-07
386812,-116.574,-732.456044,-117.465,-5.30629,-0.001648258,,2430411.475,-2.034600122,-7.2869E-07
398107,-119.537,-751.0731221,-120.064,-5.56486,-0.001609576,,2501380.053,-2.086314228,-7.11589E-07
409732,-122.515,-769.7844479,-122.684,-5.83227,-0.001569615,,2574422.082,-2.138290133,-6.93922E-07
421697,-125.504,-788.5648888,-125.323,-6.1085,-0.001529335,,2649600.394,-2.190458024,-6.76115E-07
434010,-128.501,-807.3955952,-127.98,-6.39351,-0.001487262,,2726965.255,-2.242765542,-6.57514E-07
446684,-131.501,-826.2451511,-130.652,-6.68722,-0.001445186,,2806598.346,-2.29512542,-6.38912E-07
459727,-134.501,-845.094707,-133.339,-6.98953,-0.001402764,,2888549.932,-2.347485297,-6.20158E-07
473151,-137.498,-863.9254134,-136.04,-7.30034,-0.001360137,,2972895.411,-2.399792815,-6.01312E-07
486968,-140.489,-882.7184206,-138.753,-7.61951,-0.001317706,,3059710.183,-2.451995613,-5.82554E-07
501187,-143.471,-901.4548792,-141.477,-7.94689,-0.001275527,,3149050.795,-2.504041331,-5.63907E-07
515822,-146.442,-920.1222228,-144.211,-8.28231,-0.001234361,,3241005.212,-2.555895063,-5.45707E-07
530884,-149.401,-938.7141681,-146.955,-8.62559,-0.001193574,,3335642.549,-2.607539356,-5.27676E-07
546387,-152.346,-957.2181488,-149.708,-8.97652,-0.001153926,,3433050.77,-2.658939302,-5.10147E-07
562341,-155.276,-975.6278818,-152.469,-9.33489,-0.001114987,,3533292.709,-2.710077449,-4.92932E-07
578762,-158.19,-993.9370837,-155.238,-9.70048,-0.001077808,,3636468.895,-2.760936344,-4.76496E-07
595662,-161.089,-1012.152038,-158.014,-10.0731,-0.001041779,,3742654.726,-2.811533439,-4.60568E-07
613056,-163.973,-1030.272744,-160.798,-10.4524,-0.001006657,,3851944.452,-2.861868734,-4.4504E-07
630957,-166.841,-1048.29292,-163.59,-10.8382,-0.000973254,,3964419.752,-2.911924777,-4.30273E-07
649382,-169.695,-1066.225131,-166.389,-11.2304,-0.000941384,,4080187.441,-2.961736474,-4.16183E-07
668344,-172.536,-1084.07566,-169.197,-11.6285,-0.000910798,,4199329.201,-3.011321278,-4.02661E-07
687860,-175.365,-1101.850791,-172.013,-12.0323,-0.00088151,,4321951.845,-3.060696643,-3.89713E-07
707946,-178.183,-1119.556808,-174.838,-12.4417,0.108566707,,4448155.905,-3.109880021,4.7997E-05
728618,179.007,1124.734152,-177.674,-12.8564,-0.000827776,,4578041.912,3.124261534,-3.65957E-07
749894,176.204,1107.122384,179.479,-13.276,-0.000803116,,4711722.963,3.075339955,-3.55055E-07
771792,173.405,1089.535748,176.62,-13.7004,-0.000779543,,4849312.155,3.026488189,-3.44634E-07
794328,170.609,1071.967962,173.747,-14.1294,-0.000757666,,4990910.019,2.977688784,-3.34962E-07
817523,167.812,1054.393893,170.858,-14.5626,-0.000736969,,5136648.502,2.928871924,-3.25812E-07
841395,165.012,1036.800974,167.953,-14.9999,-0.00071734,,5286640.702,2.880002705,-3.17134E-07
865964,162.207,1019.176639,165.03,-15.441,-0.000699208,,5441012.281,2.83104622,-3.09118E-07
891251,159.393,1001.495756,162.086,-15.8858,-0.000682278,,5599895.188,2.781932655,-3.01633E-07
917276,156.567,983.739474,159.119,-16.334,-0.000666438,,5763415.086,2.73260965,-2.9463E-07
944061,153.726,965.8889445,156.127,-16.7856,-0.000651863,,5931710.204,2.683024846,-2.88187E-07
971628,150.866,947.9190346,153.107,-17.2402,-0.000638461,,6104918.774,2.633108429,-2.82262E-07
1000000,147.983,929.8046113,150.057,-17.6977,-0.000625952,,6283185.307,2.582790587,-2.76731E-07
1029200,145.074,911.5268253,146.973,-18.1581,-0.000614728,,6466654.318,2.532018959,-2.71769E-07
1059250,142.134,893.0542605,143.853,-18.6213,-0.000604348,,6655464.037,2.480706279,-2.6718E-07
1090180,139.159,874.3617842,140.693,-19.0871,-0.000594969,,6849802.958,2.428782734,-2.63034E-07
1122020,136.144,855.4179805,137.489,-19.5555,-0.000586891,,7049859.578,2.376161057,-2.59463E-07
1154780,133.084,836.1914334,134.238,-20.0266,-0.000579685,,7255696.729,2.322753982,-2.56277E-07
1188500,129.973,816.6444439,130.935,-20.5004,-0.00057347,,7467565.738,2.268456789,-2.53529E-07
1223210,126.805,796.7393129,127.577,-20.9771,-0.00056816,,7685655.1,2.213164758,-2.51182E-07
1258930,123.575,776.4446243,124.158,-21.4568,-0.00056388,,7910090.479,2.156790623,-2.4929E-07
1295690,120.276,755.716396,120.674,-21.9397,-0.000560886,,8141060.371,2.099212211,-2.47966E-07
1333520,116.899,734.4980792,117.12,-22.4263,-0.00055829,,8378753.271,2.040272442,-2.46818E-07
1372460,113.439,712.7582581,113.491,-22.917,-0.00055699,,8623420.507,1.97988405,-2.46244E-07
1412540,109.886,690.4341007,109.781,-23.4123,-0.000556559,,8875250.574,1.917872502,-2.46053E-07
1453780,106.233,667.4816247,105.987,-23.9131,-0.000556697,,9134369.136,1.854115624,-2.46114E-07
1496240,102.471,643.8442816,102.102,-24.4201,-0.00055785,,9401153.184,1.788456338,-2.46624E-07
1539930,98.592,619.4718058,98.1228,-24.9344,-0.000559743,,9675665.55,1.720755016,-2.47461E-07
1584890,94.5867,594.3057637,94.045,-25.4572,-0.00056197,,9958157.561,1.650849344,-2.48445E-07
1631170,90.4474,568.2977748,89.8653,-25.9898,-0.000564669,,10248943.38,1.57860493,-2.49638E-07
1678800,86.1669,541.4026,85.5816,-26.5338,-0.000567383,,10548211.49,1.503896111,-2.50838E-07
1727830,81.7394,513.5837971,81.193,-27.0909,-0.000570219,,10856276.07,1.426621659,-2.52092E-07
1778280,77.1609,484.8162332,76.7002,-27.663,-0.000572383,,11173262.77,1.346711759,-2.53049E-07
1830210,72.4302,455.0923684,72.1059,-28.252,-0.000573882,,11499548.58,1.264145468,-2.53711E-07
1883650,67.5492,424.424141,67.4153,-28.86,-0.000574055,,11835322,1.178955947,-2.53788E-07
1938650,62.5242,392.8511348,62.6357,-29.4889,-0.000572512,,12180897.2,1.091253152,-2.53106E-07
1995260,57.366,360.4412083,57.7774,-30.1408,-0.000568862,,12536588.32,1.001225579,-2.51492E-07
2053530,52.0904,327.2936359,52.8532,-30.8175,-0.000562909,,12902709.52,0.909148989,-2.4886E-07
2113490,46.7186,293.5416211,47.8784,-31.5203,-0.000554114,,13279449.31,0.815393392,-2.44972E-07
2175200,41.2764,259.34727,42.8704,-32.2505,-0.00054234,,13667184.68,0.720409083,-2.39767E-07
2238720,35.7936,224.8978216,37.8483,-33.0087,-0.000527789,,14066292.61,0.624716171,-2.33334E-07
2304090,30.3025,190.3962228,32.8322,-33.7952,-0.000510471,,14477024.43,0.528878397,-2.25678E-07
2371370,24.8364,156.0517036,27.8422,-34.6097,-0.000490715,,14899757.14,0.433476954,-2.16943E-07
2440620,19.428,122.0697241,22.898,-35.4514,-0.000469075,,15334867.72,0.339082567,-2.07376E-07
2511890,14.1073,88.63878008,18.0179,-36.3189,-0.000446083,,15782670.34,0.246218834,-1.97212E-07
2585230,8.90043,55.923051,13.2186,-37.2106,-0.000422044,,16243479.15,0.155341808,-1.86585E-07
2660730,3.82906,24.05869353,8.51394,-38.1245,-0.000397875,,16717859.64,0.066829704,-1.759E-07
2738420,-1.09057,-6.8522534,3.91548,-39.0583,-0.000373782,,17206000.31,-0.019034037,-1.65248E-07
2818380,-5.84733,-36.73985794,-0.568108,-40.0097,-0.000350245,,17708403.81,-0.102055161,-1.54842E-07
2900680,-10.435,-65.56503868,-4.9308,-40.9764,-0.000327616,,18225509.96,-0.182125107,-1.44838E-07
2985380,-14.8514,-93.31409827,-9.1691,-41.9559,-0.000306066,,18757695.75,-0.259205829,-1.35311E-07
3072560,-19.0981,-119.9969013,-13.2817,-42.9461,-0.000285811,,19305463.85,-0.333324726,-1.26356E-07
3162280,-23.1793,-145.6398372,-17.2692,-43.9449,-0.000266869,,19869191.23,-0.404555103,-1.17982E-07
3254620,-27.1013,-170.28249,-21.1339,-44.9503,-0.000249291,,20449380.56,-0.473006917,-1.10211E-07
3349650,-30.8717,-193.9726118,-24.8791,-45.9607,-0.000232989,,21046471.66,-0.538812811,-1.03004E-07
3447470,-34.499,-216.7636099,-28.5091,-46.9747,-0.000218051,,21661092.85,-0.602121139,-9.63999E-08
3548130,-37.9923,-238.7126611,-32.029,-47.9909,-0.000204251,,22293558.28,-0.663090725,-9.02986E-08
3651740,-41.3604,-259.8750576,-35.444,-49.0084,-0.000191624,,22944559.11,-0.72187516,-8.47166E-08
3758370,-44.6124,-280.3079762,-38.7598,-50.0262,-0.000180017,,23614535.16,-0.778633267,-7.95849E-08
3868120,-47.7568,-300.0648241,-41.9818,-51.0438,-0.000169371,,24304114.75,-0.8335134,-7.48783E-08
3981070,-50.8015,-319.1952384,-45.1155,-52.0605,-0.000159579,,25013800.53,-0.88665344,-7.05496E-08
4097320,-53.754,-337.746343,-48.1661,-53.0762,-0.00015056,,25744220.82,-0.938184286,-6.65622E-08
4216970,-56.6211,-355.7608636,-51.1382,-54.0904,-0.000142253,,26496003.94,-0.988224621,-6.28897E-08
4340100,-59.4088,-373.2764993,-54.0363,-55.1031,-0.000134523,,27269652.55,-1.036879165,-5.94721E-08
4466840,-62.1223,-390.3259226,-56.8642,-56.1144,-0.000127369,,28065983.46,-1.084238674,-5.63095E-08
4597270,-64.7663,-406.9386646,-59.6253,-57.1243,-0.00012067,,28885499.32,-1.130385179,-5.33477E-08
4731510,-67.3444,-423.1373446,-62.3224,-58.1329,-0.000114386,,29728954.11,-1.175381513,-5.05697E-08
4869680,-69.8598,-438.9420689,-64.9576,-59.1404,-0.000108474,,30597101.83,-1.219283525,-4.79562E-08
5011870,-72.3146,-454.3660322,-67.5326,-60.147,-0.000102871,,31490507.95,-1.262127867,-4.54789E-08
5158220,-74.7107,-469.4211725,-70.0483,-61.1529,-9.7535E-05,,32410052.12,-1.303947701,-4.31199E-08
5308840,-77.0488,-484.1118881,-72.5054,-62.1584,-9.24341E-05,,33356425.49,-1.344755245,-4.08649E-08
5463870,-79.3295,-498.4419488,-74.9037,-63.1637,-8.75448E-05,,34330507.7,-1.384560969,-3.87033E-08
5623410,-81.5524,-512.4088414,-77.2428,-64.1688,-8.28282E-05,,35332927.09,-1.423357893,-3.66181E-08
5787620,-83.7171,-526.0100527,-79.5219,-65.174,-7.82833E-05,,36364688.95,-1.461139035,-3.46088E-08
5956620,-85.8227,-539.2399277,-81.7398,-66.1794,-7.38746E-05,,37426547.26,-1.497888688,-3.26597E-08
6130560,-87.8678,-552.0896699,-83.8952,-67.1848,-6.96201E-05,,38519444.52,-1.533582416,-3.07789E-08
6309570,-89.8513,-564.552368,-85.9867,-68.1902,-6.54849E-05,,39644197.52,-1.568201022,-2.89507E-08
6493820,-91.7716,-576.6179687,-88.0128,-69.1956,-6.15031E-05,,40801874.41,-1.60171658,-2.71903E-08
6683440,-93.6277,-588.280189,-89.9722,-70.2006,-5.76485E-05,,41993292.01,-1.634111636,-2.54862E-08
6878600,-95.4183,-599.5308606,-91.8637,-71.205,-5.39354E-05,,43219518.45,-1.665363502,-2.38447E-08
7079460,-97.1425,-610.3643287,-93.6865,-72.2084,-5.03792E-05,,44481559.05,-1.695456469,-2.22725E-08
7286180,-98.8,-620.7787083,-95.44,-73.2105,-4.69851E-05,,45780419.12,-1.724385301,-2.0772E-08
7498940,-100.391,-630.7752562,-97.1242,-74.2109,-4.37281E-05,,47117229.63,-1.752153489,-1.93321E-08
7717920,-101.915,-640.3508306,-98.7396,-75.209,-4.065E-05,,48493121.55,-1.778752307,-1.79712E-08
7943280,-103.373,-649.5117148,-100.287,-76.2044,-3.77614E-05,,49909100.19,-1.804199208,-1.66942E-08
8175230,-104.767,-658.2704751,-101.767,-77.1966,-3.50587E-05,,51366485.02,-1.828529097,-1.54993E-08
8413950,-106.099,-666.6396779,-103.183,-78.1852,-3.25041E-05,,52866407.02,-1.851776883,-1.437E-08
8659640,-107.37,-674.6256064,-104.536,-79.1696,-3.014E-05,,54410122.81,-1.873960018,-1.33248E-08
8912510,-108.583,-682.2471102,-105.829,-80.1496,-2.79816E-05,,55998951.88,-1.895130862,-1.23706E-08
9172760,-109.742,-689.529322,-107.066,-81.1247,-2.59913E-05,,57634150.86,-1.915359228,-1.14907E-08
9440610,-110.85,-696.4910913,-108.249,-82.0946,-2.416E-05,,59317102.04,-1.934697476,-1.0681E-08
9716280,-111.91,-703.1512677,-109.382,-83.059,-2.24779E-05,,61049187.74,-1.953197966,-9.93742E-09
10000000,-112.925,-709.5287008,-110.469,-84.0178,-7.09529E-05,,62831853.07,-1.970913058,-3.13681E-08
