frequency;V(/Sc1-) (phase);V(/Sc1-) (gain);V(/Sc2-) (phase);V(/Sc2-) (gain);
0.1;-2.95506e-05;-13.9602;-3.49228e-05;0.000730891;
0.10292;-3.04135e-05;-13.9602;-3.59425e-05;0.000730891;
0.105925;-3.13015e-05;-13.9602;-3.69921e-05;0.000730891;
0.109018;-3.22156e-05;-13.9602;-3.80723e-05;0.000730891;
0.112202;-3.31563e-05;-13.9602;-3.9184e-05;0.000730891;
0.115478;-3.41245e-05;-13.9602;-4.03282e-05;0.000730891;
0.11885;-3.51209e-05;-13.9602;-4.15058e-05;0.000730891;
0.122321;-3.61465e-05;-13.9602;-4.27178e-05;0.000730891;
0.125893;-3.7202e-05;-13.9602;-4.39652e-05;0.000730891;
0.129569;-3.82883e-05;-13.9602;-4.5249e-05;0.000730891;
0.133352;-3.94063e-05;-13.9602;-4.65703e-05;0.000730891;
0.137246;-4.0557e-05;-13.9602;-4.79301e-05;0.000730891;
0.141254;-4.17413e-05;-13.9602;-4.93297e-05;0.000730891;
0.145378;-4.29601e-05;-13.9602;-5.07702e-05;0.000730891;
0.149624;-4.42146e-05;-13.9602;-5.22527e-05;0.000730891;
0.153993;-4.55057e-05;-13.9602;-5.37785e-05;0.000730891;
0.158489;-4.68345e-05;-13.9602;-5.53489e-05;0.000730891;
0.163117;-4.82021e-05;-13.9602;-5.69651e-05;0.000730891;
0.16788;-4.96096e-05;-13.9602;-5.86285e-05;0.000730891;
0.172783;-5.10582e-05;-13.9602;-6.03405e-05;0.000730891;
0.177828;-5.25492e-05;-13.9602;-6.21024e-05;0.000730891;
0.183021;-5.40836e-05;-13.9602;-6.39159e-05;0.000730891;
0.188365;-5.56629e-05;-13.9602;-6.57823e-05;0.000730891;
0.193865;-5.72883e-05;-13.9602;-6.77031e-05;0.000730891;
0.199526;-5.89611e-05;-13.9602;-6.96801e-05;0.000730891;
0.205353;-6.06828e-05;-13.9602;-7.17148e-05;0.000730891;
0.211349;-6.24548e-05;-13.9602;-7.38089e-05;0.000730891;
0.21752;-6.42785e-05;-13.9602;-7.59642e-05;0.000730891;
0.223872;-6.61555e-05;-13.9602;-7.81824e-05;0.000730891;
0.230409;-6.80872e-05;-13.9602;-8.04653e-05;0.000730891;
0.237137;-7.00754e-05;-13.9602;-8.28149e-05;0.000730891;
0.244062;-7.21217e-05;-13.9602;-8.52332e-05;0.000730891;
0.251189;-7.42277e-05;-13.9602;-8.7722e-05;0.000730891;
0.258523;-7.63951e-05;-13.9602;-9.02836e-05;0.000730891;
0.266073;-7.86259e-05;-13.9602;-9.29199e-05;0.000730891;
0.273842;-8.09218e-05;-13.9602;-9.56332e-05;0.000730891;
0.281838;-8.32848e-05;-13.9602;-9.84257e-05;0.000730891;
0.290068;-8.57168e-05;-13.9602;-0.0001013;0.000730891;
0.298538;-8.82197e-05;-13.9602;-0.000104258;0.000730891;
0.307256;-9.07958e-05;-13.9602;-0.000107302;0.000730891;
0.316228;-9.34471e-05;-13.9602;-0.000110436;0.000730891;
0.325462;-9.61758e-05;-13.9602;-0.00011366;0.000730891;
0.334965;-9.89842e-05;-13.9602;-0.000116979;0.000730891;
0.344747;-0.000101875;-13.9602;-0.000120395;0.000730891;
0.354813;-0.000104849;-13.9602;-0.000123911;0.000730891;
0.365174;-0.000107911;-13.9602;-0.000127529;0.000730891;
0.375837;-0.000111062;-13.9602;-0.000131253;0.000730891;
0.386812;-0.000114305;-13.9602;-0.000135085;0.000730891;
0.398107;-0.000117643;-13.9602;-0.00013903;0.000730891;
0.409732;-0.000121078;-13.9602;-0.00014309;0.000730891;
0.421697;-0.000124614;-13.9602;-0.000147268;0.000730891;
0.43401;-0.000128252;-13.9602;-0.000151568;0.00073089;
0.446684;-0.000131998;-13.9602;-0.000155994;0.00073089;
0.459727;-0.000135852;-13.9602;-0.000160549;0.00073089;
0.473151;-0.000139819;-13.9602;-0.000165238;0.00073089;
0.486968;-0.000143902;-13.9602;-0.000170063;0.00073089;
0.501187;-0.000148104;-13.9602;-0.000175028;0.00073089;
0.515822;-0.000152428;-13.9602;-0.000180139;0.00073089;
0.530884;-0.000156879;-13.9602;-0.0001854;0.00073089;
0.546387;-0.00016146;-13.9602;-0.000190813;0.00073089;
0.562341;-0.000166175;-13.9602;-0.000196385;0.00073089;
0.578762;-0.000171027;-13.9602;-0.00020212;0.00073089;
0.595662;-0.000176021;-13.9602;-0.000208022;0.00073089;
0.613056;-0.000181161;-13.9602;-0.000214096;0.00073089;
0.630957;-0.000186451;-13.9602;-0.000220348;0.00073089;
0.649382;-0.000191896;-13.9602;-0.000226782;0.00073089;
0.668344;-0.000197499;-13.9602;-0.000233404;0.00073089;
0.68786;-0.000203266;-13.9602;-0.00024022;0.000730889;
0.707946;-0.000209202;-13.9602;-0.000247234;0.000730889;
0.728618;-0.000215311;-13.9602;-0.000254454;0.000730889;
0.749894;-0.000221598;-13.9602;-0.000261884;0.000730889;
0.771792;-0.000228069;-13.9602;-0.000269531;0.000730889;
0.794328;-0.000234728;-13.9602;-0.000277401;0.000730889;
0.817523;-0.000241583;-13.9602;-0.000285502;0.000730889;
0.841395;-0.000248637;-13.9602;-0.000293838;0.000730889;
0.865964;-0.000255897;-13.9602;-0.000302419;0.000730888;
0.891251;-0.00026337;-13.9602;-0.000311249;0.000730888;
0.917276;-0.00027106;-13.9602;-0.000320338;0.000730888;
0.944061;-0.000278975;-13.9602;-0.000329692;0.000730888;
0.971628;-0.000287121;-13.9602;-0.000339319;0.000730888;
1;-0.000295506;-13.9602;-0.000349228;0.000730887;
1.0292;-0.000304134;-13.9602;-0.000359425;0.000730887;
1.05925;-0.000313015;-13.9602;-0.000369921;0.000730887;
1.09018;-0.000322156;-13.9602;-0.000380723;0.000730887;
1.12202;-0.000331563;-13.9602;-0.00039184;0.000730886;
1.15478;-0.000341244;-13.9602;-0.000403282;0.000730886;
1.1885;-0.000351209;-13.9602;-0.000415058;0.000730886;
1.22321;-0.000361464;-13.9602;-0.000427178;0.000730886;
1.25893;-0.000372019;-13.9602;-0.000439652;0.000730885;
1.29569;-0.000382883;-13.9602;-0.00045249;0.000730885;
1.33352;-0.000394063;-13.9602;-0.000465702;0.000730884;
1.37246;-0.00040557;-13.9602;-0.000479301;0.000730884;
1.41254;-0.000417413;-13.9602;-0.000493297;0.000730884;
1.45378;-0.000429601;-13.9602;-0.000507702;0.000730883;
1.49624;-0.000442146;-13.9602;-0.000522527;0.000730883;
1.53993;-0.000455057;-13.9602;-0.000537785;0.000730882;
1.58489;-0.000468345;-13.9602;-0.000553488;0.000730882;
1.63117;-0.000482021;-13.9602;-0.00056965;0.000730881;
1.6788;-0.000496096;-13.9602;-0.000586285;0.00073088;
1.72783;-0.000510582;-13.9602;-0.000603404;0.00073088;
1.77828;-0.000525491;-13.9602;-0.000621024;0.000730879;
1.83021;-0.000540836;-13.9602;-0.000639158;0.000730878;
1.88365;-0.000556629;-13.9602;-0.000657822;0.000730878;
1.93865;-0.000572882;-13.9602;-0.000677031;0.000730877;
1.99526;-0.000589611;-13.9602;-0.0006968;0.000730876;
2.05353;-0.000606828;-13.9602;-0.000717147;0.000730875;
2.11349;-0.000624547;-13.9602;-0.000738088;0.000730874;
2.1752;-0.000642784;-13.9602;-0.000759641;0.000730873;
2.23872;-0.000661554;-13.9602;-0.000781823;0.000730872;
2.30409;-0.000680872;-13.9602;-0.000804652;0.000730871;
2.37137;-0.000700754;-13.9602;-0.000828148;0.00073087;
2.44062;-0.000721216;-13.9602;-0.000852331;0.000730869;
2.51189;-0.000742276;-13.9602;-0.000877219;0.000730867;
2.58523;-0.000763951;-13.9602;-0.000902834;0.000730866;
2.66073;-0.000786258;-13.9602;-0.000929197;0.000730864;
2.73842;-0.000809217;-13.9602;-0.00095633;0.000730863;
2.81838;-0.000832847;-13.9602;-0.000984256;0.000730861;
2.90068;-0.000857166;-13.9602;-0.001013;0.000730859;
2.98538;-0.000882196;-13.9602;-0.00104258;0.000730857;
3.07256;-0.000907957;-13.9602;-0.00107302;0.000730855;
3.16228;-0.000934469;-13.9602;-0.00110435;0.000730853;
3.25462;-0.000961756;-13.9602;-0.0011366;0.000730851;
3.34965;-0.00098984;-13.9602;-0.00116979;0.000730849;
3.44747;-0.00101874;-13.9602;-0.00120395;0.000730846;
3.54813;-0.00104849;-13.9602;-0.0012391;0.000730843;
3.65174;-0.00107911;-13.9602;-0.00127529;0.000730841;
3.75837;-0.00111062;-13.9602;-0.00131252;0.000730838;
3.86812;-0.00114305;-13.9602;-0.00135085;0.000730834;
3.98107;-0.00117643;-13.9602;-0.0013903;0.000730831;
4.09732;-0.00121078;-13.9602;-0.00143089;0.000730827;
4.21697;-0.00124613;-13.9602;-0.00147268;0.000730824;
4.3401;-0.00128252;-13.9602;-0.00151568;0.00073082;
4.46684;-0.00131997;-13.9602;-0.00155994;0.000730815;
4.59727;-0.00135851;-13.9602;-0.00160549;0.000730811;
4.73151;-0.00139818;-13.9602;-0.00165237;0.000730806;
4.86968;-0.00143901;-13.9602;-0.00170062;0.000730801;
5.01187;-0.00148103;-13.9602;-0.00175027;0.000730796;
5.15822;-0.00152428;-13.9602;-0.00180138;0.00073079;
5.30884;-0.00156879;-13.9602;-0.00185398;0.000730784;
5.46387;-0.00161459;-13.9602;-0.00190812;0.000730778;
5.62341;-0.00166174;-13.9602;-0.00196384;0.000730771;
5.78762;-0.00171026;-13.9602;-0.00202118;0.000730764;
5.95662;-0.0017602;-13.9602;-0.0020802;0.000730756;
6.13056;-0.0018116;-13.9602;-0.00214094;0.000730748;
6.30957;-0.0018645;-13.9602;-0.00220346;0.00073074;
6.49382;-0.00191895;-13.9602;-0.0022678;0.000730731;
6.68344;-0.00197498;-13.9602;-0.00233402;0.000730722;
6.8786;-0.00203265;-13.9602;-0.00240217;0.000730711;
7.07946;-0.002092;-13.9602;-0.00247231;0.000730701;
7.28618;-0.00215309;-13.9602;-0.00254451;0.00073069;
7.49894;-0.00221596;-13.9602;-0.0026188;0.000730678;
7.71792;-0.00228066;-13.9602;-0.00269527;0.000730665;
7.94328;-0.00234726;-13.9602;-0.00277397;0.000730652;
8.17523;-0.0024158;-13.9602;-0.00285497;0.000730637;
8.41395;-0.00248634;-13.9602;-0.00293834;0.000730622;
8.65964;-0.00255894;-13.9602;-0.00302413;0.000730606;
8.91251;-0.00263366;-13.9602;-0.00311244;0.00073059;
9.17276;-0.00271056;-13.9602;-0.00320332;0.000730572;
9.44061;-0.00278971;-13.9602;-0.00329685;0.000730553;
9.71628;-0.00287117;-13.9602;-0.00339312;0.000730533;
10;-0.00295501;-13.9602;-0.0034922;0.000730512;
10.292;-0.00304129;-13.9602;-0.00359416;0.000730489;
10.5925;-0.0031301;-13.9602;-0.00369911;0.000730465;
10.9018;-0.00322149;-13.9602;-0.00380712;0.00073044;
11.2202;-0.00331556;-13.9602;-0.00391828;0.000730413;
11.5478;-0.00341237;-13.9602;-0.00403269;0.000730385;
11.885;-0.00351201;-13.9602;-0.00415044;0.000730355;
12.2321;-0.00361456;-13.9602;-0.00427163;0.000730323;
12.5893;-0.0037201;-13.9602;-0.00439635;0.00073029;
12.9569;-0.00382872;-13.9602;-0.00452472;0.000730254;
13.3352;-0.00394051;-13.9602;-0.00465683;0.000730217;
13.7246;-0.00405557;-13.9602;-0.0047928;0.000730177;
14.1254;-0.00417399;-13.9602;-0.00493274;0.000730134;
14.5378;-0.00429586;-13.9602;-0.00507677;0.00073009;
14.9624;-0.0044213;-13.9602;-0.005225;0.000730042;
15.3993;-0.00455039;-13.9602;-0.00537755;0.000729992;
15.8489;-0.00468325;-13.9602;-0.00553456;0.000729939;
16.3117;-0.00481999;-13.9602;-0.00569615;0.000729883;
16.788;-0.00496073;-13.9602;-0.00586246;0.000729823;
17.2783;-0.00510557;-13.9602;-0.00603363;0.00072976;
17.7828;-0.00525464;-13.9602;-0.00620979;0.000729693;
18.3021;-0.00540806;-13.9602;-0.00639109;0.000729623;
18.8365;-0.00556596;-13.9602;-0.00657768;0.000729548;
19.3865;-0.00572847;-13.9602;-0.00676972;0.000729469;
19.9526;-0.00589572;-13.9602;-0.00696736;0.000729385;
20.5353;-0.00606786;-13.9602;-0.00717077;0.000729296;
21.1349;-0.00624502;-13.9602;-0.00738012;0.000729202;
21.752;-0.00642735;-13.9602;-0.00759558;0.000729102;
22.3872;-0.006615;-13.9602;-0.00781732;0.000728997;
23.0409;-0.00680813;-13.9602;-0.00804554;0.000728885;
23.7137;-0.00700689;-13.9602;-0.00828041;0.000728767;
24.4062;-0.00721146;-13.9602;-0.00852213;0.000728642;
25.1189;-0.00742199;-13.9602;-0.00877091;0.000728509;
25.8523;-0.00763867;-13.9602;-0.00902695;0.000728369;
26.6073;-0.00786167;-13.9602;-0.00929046;0.000728221;
27.3842;-0.00809118;-13.9602;-0.00956165;0.000728064;
28.1838;-0.00832739;-13.9602;-0.00984076;0.000727898;
29.0068;-0.00857049;-13.9602;-0.010128;0.000727722;
29.8538;-0.00882068;-13.9602;-0.0104236;0.000727536;
30.7256;-0.00907817;-13.9602;-0.0107279;0.000727339;
31.6228;-0.00934317;-13.9602;-0.011041;0.000727131;
32.5462;-0.0096159;-13.9602;-0.0113632;0.000726911;
33.4965;-0.00989659;-13.9602;-0.0116949;0.000726678;
34.4747;-0.0101855;-13.9602;-0.0120362;0.000726431;
35.4813;-0.0104828;-13.9602;-0.0123875;0.000726171;
36.5174;-0.0107887;-13.9602;-0.012749;0.000725895;
37.5837;-0.0111036;-13.9602;-0.013121;0.000725603;
38.6812;-0.0114277;-13.9602;-0.0135039;0.000725295;
39.8107;-0.0117612;-13.9602;-0.0138979;0.000724969;
40.9732;-0.0121045;-13.9602;-0.0143034;0.000724624;
42.1697;-0.0124578;-13.9602;-0.0147208;0.00072426;
43.401;-0.0128213;-13.9602;-0.0151503;0.000723875;
44.6684;-0.0131955;-13.9602;-0.0155923;0.000723468;
45.9727;-0.0135805;-13.9602;-0.0160472;0.000723038;
47.3151;-0.0139768;-13.9602;-0.0165153;0.000722584;
48.6968;-0.0143846;-13.9602;-0.016997;0.000722104;
50.1187;-0.0148043;-13.9602;-0.0174928;0.000721597;
51.5822;-0.0152363;-13.9602;-0.018003;0.000721062;
53.0884;-0.0156808;-13.9602;-0.0185281;0.000720496;
54.6387;-0.0161383;-13.9602;-0.0190684;0.0007199;
56.2341;-0.0166091;-13.9602;-0.0196244;0.00071927;
57.8762;-0.0170936;-13.9602;-0.0201967;0.000718605;
59.5662;-0.0175922;-13.9602;-0.0207855;0.000717904;
61.3056;-0.0181053;-13.9602;-0.0213915;0.000717165;
63.0957;-0.0186333;-13.9602;-0.0220151;0.000716385;
64.9382;-0.0191767;-13.9602;-0.0226568;0.000715563;
66.8344;-0.019736;-13.9602;-0.0233171;0.000714697;
68.786;-0.0203114;-13.9602;-0.0239966;0.000713784;
70.7946;-0.0209037;-13.9602;-0.0246959;0.000712822;
72.8618;-0.0215131;-13.9602;-0.0254154;0.00071181;
74.9894;-0.0221403;-13.9602;-0.0261558;0.000710744;
77.1792;-0.0227857;-13.9602;-0.0269177;0.000709622;
79.4328;-0.0234498;-13.9602;-0.0277017;0.000708443;
81.7523;-0.0241333;-13.9602;-0.0285085;0.000707202;
84.1395;-0.0248365;-13.9602;-0.0293386;0.000705898;
86.5964;-0.0255603;-13.9602;-0.0301927;0.000704528;
89.1251;-0.026305;-13.9602;-0.0310716;0.00070309;
91.7276;-0.0270713;-13.9602;-0.0319759;0.000701579;
94.4061;-0.0278599;-13.9602;-0.0329064;0.000699995;
97.1628;-0.0286713;-13.9602;-0.0338638;0.000698334;
100;-0.0295063;-13.9602;-0.0348489;0.000696592;
102.92;-0.0303655;-13.9602;-0.0358625;0.000694768;
105.925;-0.0312496;-13.9602;-0.0369054;0.000692859;
109.018;-0.0321593;-13.9602;-0.0379784;0.000690862;
112.202;-0.0330953;-13.9602;-0.0390823;0.000688773;
115.478;-0.0340585;-13.9602;-0.0402181;0.000686591;
118.85;-0.0350495;-13.9602;-0.0413867;0.000684313;
122.321;-0.0360692;-13.9602;-0.042589;0.000681936;
125.893;-0.0371185;-13.9602;-0.0438259;0.000679458;
129.569;-0.0381981;-13.9602;-0.0450985;0.000676876;
133.352;-0.0393089;-13.9603;-0.0464077;0.000674189;
137.246;-0.0404518;-13.9603;-0.0477546;0.000671395;
141.254;-0.0416277;-13.9603;-0.0491403;0.000668492;
145.378;-0.0428377;-13.9603;-0.0505659;0.000665479;
149.624;-0.0440825;-13.9603;-0.0520324;0.000662354;
153.993;-0.0453634;-13.9603;-0.0535411;0.000659116;
158.489;-0.0466812;-13.9603;-0.0550932;0.000655766;
163.117;-0.0480371;-13.9603;-0.0566899;0.000652301;
167.88;-0.0494321;-13.9603;-0.0583325;0.000648724;
172.783;-0.0508674;-13.9603;-0.0600222;0.000645033;
177.828;-0.0523441;-13.9603;-0.0617605;0.000641231;
183.021;-0.0538635;-13.9603;-0.0635487;0.000637318;
188.365;-0.0554267;-13.9603;-0.0653882;0.000633295;
193.865;-0.0570349;-13.9603;-0.0672805;0.000629166;
199.526;-0.0586896;-13.9603;-0.0692272;0.000624932;
205.353;-0.0603921;-13.9603;-0.0712298;0.000620598;
211.349;-0.0621437;-13.9603;-0.0732899;0.000616165;
217.52;-0.0639458;-13.9603;-0.0754092;0.000611638;
223.872;-0.0658;-13.9603;-0.0775893;0.000607022;
230.409;-0.0677076;-13.9603;-0.0798321;0.000602321;
237.137;-0.0696704;-13.9603;-0.0821393;0.00059754;
244.062;-0.0716899;-13.9603;-0.0845129;0.000592686;
251.189;-0.0737677;-13.9603;-0.0869547;0.000587763;
258.523;-0.0759055;-13.9603;-0.0894668;0.000582779;
266.073;-0.0781052;-13.9603;-0.0920512;0.00057774;
273.842;-0.0803684;-13.9603;-0.09471;0.000572652;
281.838;-0.0826972;-13.9603;-0.0974455;0.000567523;
290.068;-0.0850933;-13.9603;-0.10026;0.00056236;
298.538;-0.0875588;-13.9603;-0.103155;0.00055717;
307.256;-0.0900957;-13.9603;-0.106134;0.00055196;
316.228;-0.0927061;-13.9603;-0.109199;0.000546738;
325.462;-0.0953922;-13.9603;-0.112353;0.000541511;
334.965;-0.0981562;-13.9603;-0.115598;0.000536286;
344.747;-0.101;-13.9603;-0.118937;0.00053107;
354.813;-0.103927;-13.9603;-0.122372;0.000525869;
365.174;-0.106939;-13.9603;-0.125907;0.000520691;
375.837;-0.110038;-13.9603;-0.129545;0.000515542;
386.812;-0.113228;-13.9603;-0.133288;0.000510426;
398.107;-0.11651;-13.9604;-0.13714;0.000505351;
409.732;-0.119887;-13.9604;-0.141103;0.00050032;
421.697;-0.123363;-13.9604;-0.145182;0.000495339;
434.01;-0.12694;-13.9604;-0.14938;0.000490411;
446.684;-0.130622;-13.9604;-0.153699;0.00048554;
459.727;-0.134411;-13.9604;-0.158145;0.00048073;
473.151;-0.13831;-13.9604;-0.16272;0.000475982;
486.968;-0.142323;-13.9604;-0.167428;0.000471299;
501.187;-0.146452;-13.9604;-0.172274;0.000466682;
515.822;-0.150703;-13.9604;-0.177261;0.000462133;
530.884;-0.155077;-13.9604;-0.182394;0.000457651;
546.387;-0.15958;-13.9604;-0.187676;0.000453236;
562.341;-0.164213;-13.9604;-0.193113;0.000448888;
578.762;-0.168982;-13.9604;-0.198708;0.000444605;
595.662;-0.173891;-13.9604;-0.204467;0.000440386;
613.056;-0.178943;-13.9604;-0.210395;0.000436229;
630.957;-0.184142;-13.9604;-0.216495;0.000432131;
649.382;-0.189494;-13.9604;-0.222774;0.000428088;
668.344;-0.195001;-13.9604;-0.229237;0.000424097;
687.86;-0.20067;-13.9604;-0.235889;0.000420154;
707.946;-0.206505;-13.9604;-0.242735;0.000416254;
728.618;-0.21251;-13.9604;-0.249782;0.000412393;
749.894;-0.218691;-13.9604;-0.257035;0.000408564;
771.792;-0.225053;-13.9604;-0.2645;0.000404762;
794.328;-0.231601;-13.9604;-0.272184;0.000400982;
817.523;-0.23834;-13.9604;-0.280092;0.000397215;
841.395;-0.245277;-13.9604;-0.288232;0.000393456;
865.964;-0.252416;-13.9604;-0.296611;0.000389696;
891.251;-0.259764;-13.9604;-0.305234;0.000385929;
917.276;-0.267327;-13.9604;-0.31411;0.000382145;
944.061;-0.275111;-13.9604;-0.323246;0.000378336;
971.628;-0.283123;-13.9604;-0.332649;0.000374494;
1000;-0.291369;-13.9604;-0.342327;0.000370609;
1029.2;-0.299857;-13.9604;-0.352288;0.00036667;
1059.25;-0.308592;-13.9604;-0.362541;0.000362669;
1090.18;-0.317583;-13.9604;-0.373094;0.000358593;
1122.02;-0.326837;-13.9604;-0.383956;0.000354433;
1154.78;-0.336362;-13.9604;-0.395136;0.000350176;
1188.5;-0.346165;-13.9604;-0.406642;0.00034581;
1223.21;-0.356255;-13.9604;-0.418486;0.000341323;
1258.93;-0.366639;-13.9604;-0.430675;0.000336701;
1295.69;-0.377328;-13.9604;-0.443222;0.00033193;
1333.52;-0.388329;-13.9604;-0.456135;0.000326996;
1372.46;-0.399651;-13.9604;-0.469426;0.000321884;
1412.54;-0.411305;-13.9604;-0.483106;0.000316578;
1453.78;-0.423299;-13.9604;-0.497186;0.000311062;
1496.24;-0.435644;-13.9604;-0.511678;0.000305318;
1539.93;-0.44835;-13.9604;-0.526593;0.000299327;
1584.89;-0.461427;-13.9604;-0.541945;0.000293071;
1631.17;-0.474886;-13.9604;-0.557745;0.00028653;
1678.8;-0.488739;-13.9604;-0.574008;0.000279682;
1727.83;-0.502996;-13.9604;-0.590746;0.000272506;
1778.28;-0.51767;-13.9604;-0.607973;0.000264978;
1830.21;-0.532773;-13.9604;-0.625704;0.000257074;
1883.65;-0.548318;-13.9605;-0.643953;0.000248767;
1938.65;-0.564316;-13.9605;-0.662736;0.000240031;
1995.26;-0.580782;-13.9605;-0.682067;0.000230837;
2053.53;-0.59773;-13.9605;-0.701964;0.000221156;
2113.49;-0.615172;-13.9605;-0.722442;0.000210954;
2175.2;-0.633124;-13.9605;-0.743518;0.000200198;
2238.72;-0.651601;-13.9605;-0.76521;0.000188854;
2304.09;-0.670617;-13.9605;-0.787537;0.000176884;
2371.37;-0.690189;-13.9605;-0.810515;0.000164247;
2440.62;-0.710333;-13.9605;-0.834166;0.000150903;
2511.89;-0.731066;-13.9605;-0.858507;0.000136807;
2585.23;-0.752404;-13.9605;-0.883559;0.000121913;
2660.73;-0.774365;-13.9605;-0.909344;0.000106172;
2738.42;-0.796968;-13.9605;-0.935881;8.95308e-05;
2818.38;-0.820232;-13.9605;-0.963194;7.19352e-05;
2900.68;-0.844174;-13.9605;-0.991305;5.33266e-05;
2985.38;-0.868817;-13.9605;-1.02024;3.36437e-05;
3072.56;-0.894179;-13.9605;-1.05001;1.2821e-05;
3162.28;-0.920282;-13.9605;-1.08066;-9.21016e-06;
3254.62;-0.947147;-13.9605;-1.1122;-3.25229e-05;
3349.65;-0.974798;-13.9605;-1.14467;-5.71944e-05;
3447.47;-1.00326;-13.9605;-1.17808;-8.33063e-05;
3548.13;-1.03254;-13.9605;-1.21247;-0.000110945;
3651.74;-1.06269;-13.9605;-1.24786;-0.000140203;
3758.37;-1.09371;-13.9605;-1.28429;-0.000171175;
3868.12;-1.12565;-13.9605;-1.32178;-0.000203966;
3981.07;-1.15851;-13.9606;-1.36036;-0.000238684;
4097.32;-1.19233;-13.9606;-1.40007;-0.000275443;
4216.97;-1.22715;-13.9606;-1.44095;-0.000314366;
4340.1;-1.26298;-13.9606;-1.48301;-0.000355581;
4466.84;-1.29985;-13.9606;-1.5263;-0.000399225;
4597.27;-1.3378;-13.9606;-1.57086;-0.000445443;
4731.51;-1.37686;-13.9606;-1.61672;-0.000494387;
4869.68;-1.41707;-13.9606;-1.66392;-0.000546221;
5011.87;-1.45844;-13.9606;-1.7125;-0.000601115;
5158.22;-1.50103;-13.9606;-1.76249;-0.000659251;
5308.84;-1.54486;-13.9607;-1.81395;-0.000720822;
5463.87;-1.58997;-13.9607;-1.86691;-0.000786033;
5623.41;-1.63639;-13.9607;-1.92141;-0.000855098;
5787.62;-1.68417;-13.9607;-1.97751;-0.000928247;
5956.62;-1.73335;-13.9607;-2.03524;-0.00100572;
6130.56;-1.78397;-13.9607;-2.09467;-0.00108778;
6309.57;-1.83606;-13.9607;-2.15582;-0.00117469;
6493.82;-1.88968;-13.9608;-2.21876;-0.00126675;
6683.44;-1.94486;-13.9608;-2.28354;-0.00136425;
6878.6;-2.00165;-13.9608;-2.35021;-0.00146752;
7079.46;-2.0601;-13.9608;-2.41883;-0.00157691;
7286.18;-2.12026;-13.9608;-2.48945;-0.00169277;
7498.94;-2.18218;-13.9609;-2.56213;-0.00181549;
7717.92;-2.24591;-13.9609;-2.63694;-0.00194547;
7943.28;-2.31149;-13.9609;-2.71392;-0.00208315;
8175.23;-2.379;-13.961;-2.79316;-0.00222897;
8413.95;-2.44847;-13.961;-2.87471;-0.00238344;
8659.64;-2.51998;-13.961;-2.95864;-0.00254704;
8912.51;-2.59357;-13.9611;-3.04502;-0.00272034;
9172.76;-2.66932;-13.9611;-3.13392;-0.00290389;
9440.61;-2.74728;-13.9611;-3.22542;-0.00309832;
9716.28;-2.82751;-13.9612;-3.31959;-0.00330425;
10000;-2.91009;-13.9612;-3.41651;-0.00352238;
10292;-2.99509;-13.9613;-3.51625;-0.00375343;
10592.5;-3.08257;-13.9613;-3.61891;-0.00399815;
10901.8;-3.1726;-13.9614;-3.72457;-0.00425737;
11220.2;-3.26527;-13.9614;-3.8333;-0.00453193;
11547.8;-3.36064;-13.9615;-3.94522;-0.00482275;
11885;-3.4588;-13.9615;-4.0604;-0.00513079;
12232.1;-3.55983;-13.9616;-4.17894;-0.00545707;
12589.3;-3.66382;-13.9617;-4.30094;-0.00580267;
12956.9;-3.77084;-13.9618;-4.4265;-0.00616872;
13335.2;-3.88099;-13.9618;-4.55572;-0.00655646;
13724.6;-3.99437;-13.9619;-4.68872;-0.00696714;
14125.4;-4.11106;-13.962;-4.8256;-0.00740215;
14537.8;-4.23116;-13.9621;-4.96647;-0.0078629;
14962.4;-4.35477;-13.9622;-5.11145;-0.00835094;
15399.3;-4.482;-13.9623;-5.26066;-0.00886787;
15848.9;-4.61295;-13.9624;-5.41423;-0.0094154;
16311.7;-4.74773;-13.9625;-5.57227;-0.00999535;
16788;-4.88645;-13.9627;-5.73493;-0.0106096;
17278.3;-5.02924;-13.9628;-5.90233;-0.0112603;
17782.8;-5.1762;-13.9629;-6.07462;-0.0119495;
18302.1;-5.32746;-13.9631;-6.25193;-0.0126794;
18836.5;-5.48315;-13.9632;-6.43441;-0.0134526;
19386.5;-5.6434;-13.9634;-6.62221;-0.0142716;
19952.6;-5.80834;-13.9636;-6.81549;-0.015139;
20535.3;-5.97811;-13.9638;-7.01441;-0.0160578;
21134.9;-6.15285;-13.964;-7.21912;-0.0170311;
21752;-6.33271;-13.9642;-7.42981;-0.0180619;
22387.2;-6.51784;-13.9644;-7.64664;-0.0191538;
23040.9;-6.7084;-13.9647;-7.86979;-0.0203103;
23713.7;-6.90454;-13.9649;-8.09944;-0.0215354;
24406.2;-7.10643;-13.9652;-8.33578;-0.022833;
25118.9;-7.31424;-13.9655;-8.57902;-0.0242074;
25852.3;-7.52815;-13.9658;-8.82934;-0.0256633;
26607.3;-7.74834;-13.9661;-9.08695;-0.0272054;
27384.2;-7.97499;-13.9664;-9.35207;-0.0288389;
28183.8;-8.20829;-13.9668;-9.62491;-0.0305692;
29006.8;-8.44844;-13.9672;-9.9057;-0.0324021;
29853.8;-8.69565;-13.9676;-10.1947;-0.0343436;
30725.6;-8.95013;-13.968;-10.492;-0.0364002;
31622.8;-9.21208;-13.9684;-10.7981;-0.0385787;
32546.2;-9.48174;-13.9689;-11.113;-0.0408864;
33496.5;-9.75934;-13.9694;-11.4371;-0.0433311;
34474.7;-10.0451;-13.97;-11.7707;-0.0459208;
35481.3;-10.3393;-13.9706;-12.1139;-0.0486641;
36517.4;-10.6421;-13.9712;-12.4671;-0.0515703;
37583.7;-10.9539;-13.9718;-12.8306;-0.0546491;
38681.2;-11.2749;-13.9725;-13.2046;-0.0579106;
39810.7;-11.6054;-13.9733;-13.5895;-0.061366;
40973.2;-11.9456;-13.974;-13.9856;-0.0650266;
42169.7;-12.2958;-13.9749;-14.3932;-0.0689049;
43401;-12.6565;-13.9758;-14.8127;-0.0730137;
44668.4;-13.0278;-13.9767;-15.2443;-0.0773668;
45972.7;-13.4101;-13.9777;-15.6884;-0.081979;
47315.1;-13.8037;-13.9788;-16.1454;-0.0868656;
48696.8;-14.209;-13.9799;-16.6156;-0.0920431;
50118.7;-14.6263;-13.9811;-17.0995;-0.0975289;
51582.2;-15.0561;-13.9824;-17.5973;-0.103341;
53088.4;-15.4986;-13.9838;-18.1096;-0.1095;
54638.7;-15.9543;-13.9853;-18.6367;-0.116026;
56234.1;-16.4236;-13.9868;-19.179;-0.122941;
57876.2;-16.9069;-13.9885;-19.7369;-0.130269;
59566.2;-17.4047;-13.9903;-20.311;-0.138034;
61305.6;-17.9173;-13.9921;-20.9016;-0.146262;
63095.7;-18.4453;-13.9942;-21.5092;-0.154981;
64938.2;-18.9892;-13.9963;-22.1343;-0.16422;
66834.4;-19.5493;-13.9986;-22.7774;-0.174012;
68786;-20.1264;-14.0011;-23.4389;-0.184388;
70794.6;-20.7208;-14.0038;-24.1194;-0.195385;
72861.8;-21.3332;-14.0066;-24.8194;-0.207038;
74989.4;-21.9641;-14.0096;-25.5394;-0.219388;
77179.2;-22.6141;-14.0129;-26.28;-0.232476;
79432.8;-23.2838;-14.0164;-27.0417;-0.246346;
81752.3;-23.9739;-14.0201;-27.8251;-0.261046;
84139.5;-24.685;-14.0241;-28.6307;-0.276624;
86596.4;-25.4178;-14.0284;-29.4592;-0.293133;
89125.1;-26.173;-14.0331;-30.3112;-0.310628;
91727.6;-26.9514;-14.038;-31.1872;-0.329169;
94406.1;-27.7537;-14.0434;-32.0879;-0.348818;
97162.8;-28.5806;-14.0492;-33.0139;-0.369639;
100000;-29.4331;-14.0554;-33.9658;-0.391703;
102920;-30.312;-14.0621;-34.9444;-0.415083;
105925;-31.2181;-14.0693;-35.9502;-0.439857;
109018;-32.1523;-14.0771;-36.9839;-0.466107;
112202;-33.1156;-14.0855;-38.0461;-0.493919;
115478;-34.109;-14.0947;-39.1376;-0.523385;
118850;-35.1334;-14.1045;-40.2591;-0.554601;
122321;-36.19;-14.1152;-41.4112;-0.587668;
125893;-37.2797;-14.1267;-42.5945;-0.622695;
129569;-38.4037;-14.1393;-43.8098;-0.659792;
133352;-39.5632;-14.1529;-45.0577;-0.69908;
137246;-40.7592;-14.1676;-46.339;-0.740682;
141254;-41.9931;-14.1836;-47.6542;-0.784729;
145378;-43.266;-14.201;-49.004;-0.83136;
149624;-44.5792;-14.2199;-50.3891;-0.880717;
153993;-45.934;-14.2405;-51.81;-0.932951;
158489;-47.3317;-14.2629;-53.2675;-0.98822;
163117;-48.7737;-14.2873;-54.762;-1.04669;
167880;-50.2612;-14.3138;-56.2941;-1.10853;
172783;-51.7957;-14.3427;-57.8643;-1.17392;
177828;-53.3785;-14.3742;-59.4731;-1.24304;
183021;-55.0109;-14.4086;-61.1209;-1.3161;
188365;-56.6942;-14.446;-62.8082;-1.39328;
193865;-58.4298;-14.4869;-64.5353;-1.47479;
199526;-60.2188;-14.5314;-66.3025;-1.56084;
205353;-62.0624;-14.5799;-68.1099;-1.65166;
211349;-63.9617;-14.6327;-69.9579;-1.74746;
217520;-65.9178;-14.6903;-71.8463;-1.84847;
223872;-67.9314;-14.7531;-73.7753;-1.95493;
230409;-70.0033;-14.8214;-75.7448;-2.06705;
237137;-72.1339;-14.8957;-77.7546;-2.18509;
244062;-74.3238;-14.9764;-79.8045;-2.30928;
251189;-76.5729;-15.0641;-81.8941;-2.43985;
258523;-78.8811;-15.1593;-84.0229;-2.57704;
266073;-81.2481;-15.2624;-86.1905;-2.72108;
273842;-83.6731;-15.3741;-88.3961;-2.8722;
281838;-86.1551;-15.4947;-90.6391;-3.03061;
290068;-88.6926;-15.6249;-92.9185;-3.19653;
298538;-91.284;-15.7652;-95.2334;-3.37016;
307256;-93.9272;-15.916;-97.5827;-3.55169;
316228;-96.6196;-16.0779;-99.9654;-3.74131;
325462;-99.3586;-16.2512;-102.38;-3.93917;
334965;-102.141;-16.4364;-104.826;-4.14541;
344747;-104.963;-16.6339;-107.3;-4.36018;
354813;-107.822;-16.8438;-109.803;-4.58357;
365174;-110.712;-17.0666;-112.333;-4.81568;
375837;-113.631;-17.3023;-114.887;-5.05657;
386812;-116.574;-17.551;-117.465;-5.30629;
398107;-119.537;-17.8128;-120.064;-5.56486;
409732;-122.515;-18.0876;-122.684;-5.83227;
421697;-125.504;-18.3754;-125.323;-6.1085;
434010;-128.501;-18.6758;-127.98;-6.39351;
446684;-131.501;-18.9886;-130.652;-6.68722;
459727;-134.501;-19.3136;-133.339;-6.98953;
473151;-137.498;-19.6504;-136.04;-7.30034;
486968;-140.489;-19.9985;-138.753;-7.61951;
501187;-143.471;-20.3574;-141.477;-7.94689;
515822;-146.442;-20.7267;-144.211;-8.28231;
530884;-149.401;-21.1058;-146.955;-8.62559;
546387;-152.346;-21.4943;-149.708;-8.97652;
562341;-155.276;-21.8914;-152.469;-9.33489;
578762;-158.19;-22.2968;-155.238;-9.70048;
595662;-161.089;-22.7099;-158.014;-10.0731;
613056;-163.973;-23.13;-160.798;-10.4524;
630957;-166.841;-23.5567;-163.59;-10.8382;
649382;-169.695;-23.9894;-166.389;-11.2304;
668344;-172.536;-24.4276;-169.197;-11.6285;
687860;-175.365;-24.8709;-172.013;-12.0323;
707946;-178.183;-25.3188;-174.838;-12.4417;
728618;179.007;-25.7708;-177.674;-12.8564;
749894;176.204;-26.2265;179.479;-13.276;
771792;173.405;-26.6854;176.62;-13.7004;
794328;170.609;-27.1473;173.747;-14.1294;
817523;167.812;-27.6116;170.858;-14.5626;
841395;165.012;-28.0782;167.953;-14.9999;
865964;162.207;-28.5466;165.03;-15.441;
891251;159.393;-29.0165;162.086;-15.8858;
917276;156.567;-29.4876;159.119;-16.334;
944061;153.726;-29.9596;156.127;-16.7856;
971628;150.866;-30.4324;153.107;-17.2402;
1e+06;147.983;-30.9055;150.057;-17.6977;
1.0292e+06;145.074;-31.3789;146.973;-18.1581;
1.05925e+06;142.134;-31.8523;143.853;-18.6213;
1.09018e+06;139.159;-32.3255;140.693;-19.0871;
1.12202e+06;136.144;-32.7984;137.489;-19.5555;
1.15478e+06;133.084;-33.2709;134.238;-20.0266;
1.1885e+06;129.973;-33.743;130.935;-20.5004;
1.22321e+06;126.805;-34.2146;127.577;-20.9771;
1.25893e+06;123.575;-34.6857;124.158;-21.4568;
1.29569e+06;120.276;-35.1566;120.674;-21.9397;
1.33352e+06;116.899;-35.6275;117.12;-22.4263;
1.37246e+06;113.439;-36.0988;113.491;-22.917;
1.41254e+06;109.886;-36.5709;109.781;-23.4123;
1.45378e+06;106.233;-37.0445;105.987;-23.9131;
1.49624e+06;102.471;-37.5205;102.102;-24.4201;
1.53993e+06;98.592;-38;98.1228;-24.9344;
1.58489e+06;94.5867;-38.4844;94.045;-25.4572;
1.63117e+06;90.4474;-38.9753;89.8653;-25.9898;
1.6788e+06;86.1669;-39.4747;85.5816;-26.5338;
1.72783e+06;81.7394;-39.9851;81.193;-27.0909;
1.77828e+06;77.1609;-40.5089;76.7002;-27.663;
1.83021e+06;72.4302;-41.0494;72.1059;-28.252;
1.88365e+06;67.5492;-41.6097;67.4153;-28.86;
1.93865e+06;62.5242;-42.1933;62.6357;-29.4889;
1.99526e+06;57.366;-42.8037;57.7774;-30.1408;
2.05353e+06;52.0904;-43.4444;52.8532;-30.8175;
2.11349e+06;46.7186;-44.1183;47.8784;-31.5203;
2.1752e+06;41.2764;-44.8281;42.8704;-32.2505;
2.23872e+06;35.7936;-45.5755;37.8483;-33.0087;
2.30409e+06;30.3025;-46.3613;32.8322;-33.7952;
2.37137e+06;24.8364;-47.1855;27.8422;-34.6097;
2.44062e+06;19.428;-48.0469;22.898;-35.4514;
2.51189e+06;14.1073;-48.9436;18.0179;-36.3189;
2.58523e+06;8.90043;-49.8726;13.2186;-37.2106;
2.66073e+06;3.82906;-50.8308;8.51394;-38.1245;
2.73842e+06;-1.09057;-51.8143;3.91548;-39.0583;
2.81838e+06;-5.84733;-52.8193;-0.568108;-40.0097;
2.90068e+06;-10.435;-53.8421;-4.9308;-40.9764;
2.98538e+06;-14.8514;-54.8791;-9.1691;-41.9559;
3.07256e+06;-19.0981;-55.9269;-13.2817;-42.9461;
3.16228e+06;-23.1793;-56.9826;-17.2692;-43.9449;
3.25462e+06;-27.1013;-58.0436;-21.1339;-44.9503;
3.34965e+06;-30.8717;-59.1078;-24.8791;-45.9607;
3.44747e+06;-34.499;-60.1732;-28.5091;-46.9747;
3.54813e+06;-37.9923;-61.2385;-32.029;-47.9909;
3.65174e+06;-41.3604;-62.3023;-35.444;-49.0084;
3.75837e+06;-44.6124;-63.3639;-38.7598;-50.0262;
3.86812e+06;-47.7568;-64.4226;-41.9818;-51.0438;
3.98107e+06;-50.8015;-65.4779;-45.1155;-52.0605;
4.09732e+06;-53.754;-66.5295;-48.1661;-53.0762;
4.21697e+06;-56.6211;-67.5773;-51.1382;-54.0904;
4.3401e+06;-59.4088;-68.6214;-54.0363;-55.1031;
4.46684e+06;-62.1223;-69.6619;-56.8642;-56.1144;
4.59727e+06;-64.7663;-70.6989;-59.6253;-57.1243;
4.73151e+06;-67.3444;-71.7327;-62.3224;-58.1329;
4.86968e+06;-69.8598;-72.7637;-64.9576;-59.1404;
5.01187e+06;-72.3146;-73.7922;-67.5326;-60.147;
5.15822e+06;-74.7107;-74.8185;-70.0483;-61.1529;
5.30884e+06;-77.0488;-75.8429;-72.5054;-62.1584;
5.46387e+06;-79.3295;-76.8658;-74.9037;-63.1637;
5.62341e+06;-81.5524;-77.8873;-77.2428;-64.1688;
5.78762e+06;-83.7171;-78.9078;-79.5219;-65.174;
5.95662e+06;-85.8227;-79.9274;-81.7398;-66.1794;
6.13056e+06;-87.8678;-80.946;-83.8952;-67.1848;
6.30957e+06;-89.8513;-81.9638;-85.9867;-68.1902;
6.49382e+06;-91.7716;-82.9807;-88.0128;-69.1956;
6.68344e+06;-93.6277;-83.9965;-89.9722;-70.2006;
6.8786e+06;-95.4183;-85.0109;-91.8637;-71.205;
7.07946e+06;-97.1425;-86.0238;-93.6865;-72.2084;
7.28618e+06;-98.8;-87.0347;-95.44;-73.2105;
7.49894e+06;-100.391;-88.0432;-97.1242;-74.2109;
7.71792e+06;-101.915;-89.049;-98.7396;-75.209;
7.94328e+06;-103.373;-90.0516;-100.287;-76.2044;
8.17523e+06;-104.767;-91.0506;-101.767;-77.1966;
8.41395e+06;-106.099;-92.0455;-103.183;-78.1852;
8.65964e+06;-107.37;-93.0359;-104.536;-79.1696;
8.91251e+06;-108.583;-94.0214;-105.829;-80.1496;
9.17276e+06;-109.742;-95.0017;-107.066;-81.1247;
9.44061e+06;-110.85;-95.9765;-108.249;-82.0946;
9.71628e+06;-111.91;-96.9456;-109.382;-83.059;
1e+07;-112.925;-97.9086;-110.469;-84.0178;
